,REF_DATE,GEO,Population estimate
1556,Jan-81,Canada,24665355
1557,Jan-81,Newfoundland and Labrador,573420
1558,Jan-81,Prince Edward Island,123315
1559,Jan-81,Nova Scotia,853673
1560,Jan-81,New Brunswick,704763
1561,Jan-81,Quebec,6523258
1562,Jan-81,Ontario,8770591
1563,Jan-81,Manitoba,1033968
1564,Jan-81,Saskatchewan,971544
1565,Jan-81,Alberta,2249907
1566,Jan-81,British Columbia,2790754
1567,Jan-81,Yukon,23311
1568,Jan-81,Northwest Territories including Nunavut,46851
1569,Apr-81,Canada,24732826
1570,Apr-81,Newfoundland and Labrador,574199
1571,Apr-81,Prince Edward Island,123285
1572,Apr-81,Nova Scotia,854024
1573,Apr-81,New Brunswick,705241
1574,Apr-81,Quebec,6534508
1575,Apr-81,Ontario,8787156
1576,Apr-81,Manitoba,1034805
1577,Apr-81,Saskatchewan,973372
1578,Apr-81,Alberta,2270227
1579,Apr-81,British Columbia,2805394
1580,Apr-81,Yukon,23517
1581,Apr-81,Northwest Territories including Nunavut,47098
1582,Jul-81,Canada,24819915
1583,Jul-81,Newfoundland and Labrador,575302
1584,Jul-81,Prince Edward Island,123551
1585,Jul-81,Nova Scotia,854871
1586,Jul-81,New Brunswick,706438
1587,Jul-81,Quebec,6547207
1588,Jul-81,Ontario,8812286
1589,Jul-81,Manitoba,1035545
1590,Jul-81,Saskatchewan,975759
1591,Jul-81,Alberta,2291104
1592,Jul-81,British Columbia,2826558
1593,Jul-81,Yukon,23880
1594,Jul-81,Northwest Territories including Nunavut,47414
1595,Oct-81,Canada,24920120
1596,Oct-81,Newfoundland and Labrador,575276
1597,Oct-81,Prince Edward Island,123496
1598,Oct-81,Nova Scotia,857038
1599,Oct-81,New Brunswick,706008
1600,Oct-81,Quebec,6558545
1601,Oct-81,Ontario,8846005
1602,Oct-81,Manitoba,1037183
1603,Oct-81,Saskatchewan,979469
1604,Oct-81,Alberta,2319715
1605,Oct-81,British Columbia,2845212
1606,Oct-81,Yukon,24120
1607,Oct-81,Northwest Territories including Nunavut,48053
1608,Jan-82,Canada,24979229
1609,Jan-82,Newfoundland and Labrador,573343
1610,Jan-82,Prince Edward Island,123335
1611,Jan-82,Nova Scotia,857469
1612,Jan-82,New Brunswick,705608
1613,Jan-82,Quebec,6565745
1614,Jan-82,Ontario,8865774
1615,Jan-82,Manitoba,1039300
1616,Jan-82,Saskatchewan,981559
1617,Jan-82,Alberta,2337458
1618,Jan-82,British Columbia,2857268
1619,Jan-82,Yukon,24302
1620,Jan-82,Northwest Territories including Nunavut,48068
1621,Apr-82,Canada,25042069
1622,Apr-82,Newfoundland and Labrador,573292
1623,Apr-82,Prince Edward Island,123225
1624,Apr-82,Nova Scotia,857592
1625,Apr-82,New Brunswick,706179
1626,Apr-82,Quebec,6572316
1627,Apr-82,Ontario,8892646
1628,Apr-82,Manitoba,1042251
1629,Apr-82,Saskatchewan,983744
1630,Apr-82,Alberta,2352042
1631,Apr-82,British Columbia,2865557
1632,Apr-82,Yukon,24571
1633,Apr-82,Northwest Territories including Nunavut,48654
1634,Jul-82,Canada,25116942
1635,Jul-82,Newfoundland and Labrador,573795
1636,Jul-82,Prince Edward Island,123588
1637,Jul-82,Nova Scotia,859038
1638,Jul-82,New Brunswick,707457
1639,Jul-82,Quebec,6580631
1640,Jul-82,Ontario,8920288
1641,Jul-82,Manitoba,1045224
1642,Jul-82,Saskatchewan,986582
1643,Jul-82,Alberta,2369827
1644,Jul-82,British Columbia,2876513
1645,Jul-82,Yukon,24668
1646,Jul-82,Northwest Territories including Nunavut,49331
1647,Oct-82,Canada,25193538
1648,Oct-82,Newfoundland and Labrador,575898
1649,Oct-82,Prince Edward Island,123919
1650,Oct-82,Nova Scotia,862255
1651,Oct-82,New Brunswick,709894
1652,Oct-82,Quebec,6584666
1653,Oct-82,Ontario,8957042
1654,Oct-82,Manitoba,1049816
1655,Oct-82,Saskatchewan,991621
1656,Oct-82,Alberta,2378405
1657,Oct-82,British Columbia,2885875
1658,Oct-82,Yukon,24320
1659,Oct-82,Northwest Territories including Nunavut,49827
1660,Jan-83,Canada,25242830
1661,Jan-83,Newfoundland and Labrador,576813
1662,Jan-83,Prince Edward Island,124181
1663,Jan-83,Nova Scotia,864117
1664,Jan-83,New Brunswick,711021
1665,Jan-83,Quebec,6588636
1666,Jan-83,Ontario,8982933
1667,Jan-83,Manitoba,1052538
1668,Jan-83,Saskatchewan,993810
1669,Jan-83,Alberta,2383354
1670,Jan-83,British Columbia,2891441
1671,Jan-83,Yukon,23838
1672,Jan-83,Northwest Territories including Nunavut,50148
1673,Apr-83,Canada,25300372
1674,Apr-83,Newfoundland and Labrador,577523
1675,Apr-83,Prince Edward Island,124479
1676,Apr-83,Nova Scotia,865796
1677,Apr-83,New Brunswick,712338
1678,Apr-83,Quebec,6595846
1679,Apr-83,Ontario,9010994
1680,Apr-83,Manitoba,1055586
1681,Apr-83,Saskatchewan,997100
1682,Apr-83,Alberta,2388090
1683,Apr-83,British Columbia,2898574
1684,Apr-83,Yukon,23702
1685,Apr-83,Northwest Territories including Nunavut,50344
1686,Jul-83,Canada,25366451
1687,Jul-83,Newfoundland and Labrador,579164
1688,Jul-83,Prince Edward Island,125102
1689,Jul-83,Nova Scotia,868289
1690,Jul-83,New Brunswick,714842
1691,Jul-83,Quebec,6602976
1692,Jul-83,Ontario,9039564
1693,Jul-83,Manitoba,1059752
1694,Jul-83,Saskatchewan,1001249
1695,Jul-83,Alberta,2393587
1696,Jul-83,British Columbia,2907502
1697,Jul-83,Yukon,23664
1698,Jul-83,Northwest Territories including Nunavut,50760
1699,Oct-83,Canada,25434150
1700,Oct-83,Newfoundland and Labrador,579603
1701,Oct-83,Prince Edward Island,125634
1702,Oct-83,Nova Scotia,872143
1703,Oct-83,New Brunswick,716531
1704,Oct-83,Quebec,6608417
1705,Oct-83,Ontario,9074145
1706,Oct-83,Manitoba,1063952
1707,Oct-83,Saskatchewan,1005175
1708,Oct-83,Alberta,2394239
1709,Oct-83,British Columbia,2919166
1710,Oct-83,Yukon,23760
1711,Oct-83,Northwest Territories including Nunavut,51385
1712,Jan-84,Canada,25482358
1713,Jan-84,Newfoundland and Labrador,579558
1714,Jan-84,Prince Edward Island,125906
1715,Jan-84,Nova Scotia,874076
1716,Jan-84,New Brunswick,717434
1717,Jan-84,Quebec,6613628
1718,Jan-84,Ontario,9100590
1719,Jan-84,Manitoba,1066222
1720,Jan-84,Saskatchewan,1007484
1721,Jan-84,Alberta,2394892
1722,Jan-84,British Columbia,2927258
1723,Jan-84,Yukon,23544
1724,Jan-84,Northwest Territories including Nunavut,51766
1725,Apr-84,Canada,25539861
1726,Apr-84,Newfoundland and Labrador,579810
1727,Apr-84,Prince Edward Island,126184
1728,Apr-84,Nova Scotia,875922
1729,Apr-84,New Brunswick,718627
1730,Apr-84,Quebec,6621748
1731,Apr-84,Ontario,9129833
1732,Apr-84,Manitoba,1069201
1733,Apr-84,Saskatchewan,1010840
1734,Apr-84,Alberta,2396706
1735,Apr-84,British Columbia,2935384
1736,Apr-84,Yukon,23603
1737,Apr-84,Northwest Territories including Nunavut,52003
1738,Jul-84,Canada,25607053
1739,Jul-84,Newfoundland and Labrador,580065
1740,Jul-84,Prince Edward Island,126563
1741,Jul-84,Nova Scotia,877471
1742,Jul-84,New Brunswick,720488
1743,Jul-84,Quebec,6631220
1744,Jul-84,Ontario,9167484
1745,Jul-84,Manitoba,1071810
1746,Jul-84,Saskatchewan,1014615
1747,Jul-84,Alberta,2393907
1748,Jul-84,British Columbia,2947181
1749,Jul-84,Yukon,23921
1750,Jul-84,Northwest Territories including Nunavut,52328
1751,Oct-84,Canada,25677668
1752,Oct-84,Newfoundland and Labrador,579356
1753,Oct-84,Prince Edward Island,126877
1754,Oct-84,Nova Scotia,881323
1755,Oct-84,New Brunswick,721509
1756,Oct-84,Quebec,6640276
1757,Oct-84,Ontario,9210346
1758,Oct-84,Manitoba,1075088
1759,Oct-84,Saskatchewan,1018785
1760,Oct-84,Alberta,2390913
1761,Oct-84,British Columbia,2956332
1762,Oct-84,Yukon,24168
1763,Oct-84,Northwest Territories including Nunavut,52695
1764,Jan-85,Canada,25721170
1765,Jan-85,Newfoundland and Labrador,579043
1766,Jan-85,Prince Edward Island,127330
1767,Jan-85,Nova Scotia,883012
1768,Jan-85,New Brunswick,721932
1769,Jan-85,Quebec,6645778
1770,Jan-85,Ontario,9230294
1771,Jan-85,Manitoba,1078327
1772,Jan-85,Saskatchewan,1020040
1773,Jan-85,Alberta,2395813
1774,Jan-85,British Columbia,2962108
1775,Jan-85,Yukon,24156
1776,Jan-85,Northwest Territories including Nunavut,53337
1777,Apr-85,Canada,25774717
1778,Apr-85,Newfoundland and Labrador,579320
1779,Apr-85,Prince Edward Island,127486
1780,Apr-85,Nova Scotia,884525
1781,Apr-85,New Brunswick,722406
1782,Apr-85,Quebec,6654729
1783,Apr-85,Ontario,9256175
1784,Apr-85,Manitoba,1081013
1785,Apr-85,Saskatchewan,1021914
1786,Apr-85,Alberta,2401499
1787,Apr-85,British Columbia,2967584
1788,Apr-85,Yukon,24245
1789,Apr-85,Northwest Territories including Nunavut,53821
1790,Jul-85,Canada,25842116
1791,Jul-85,Newfoundland and Labrador,579275
1792,Jul-85,Prince Edward Island,127619
1793,Jul-85,Nova Scotia,885848
1794,Jul-85,New Brunswick,723287
1795,Jul-85,Quebec,6665802
1796,Jul-85,Ontario,9294657
1797,Jul-85,Manitoba,1082495
1798,Jul-85,Saskatchewan,1024928
1799,Jul-85,Alberta,2404490
1800,Jul-85,British Columbia,2975131
1801,Jul-85,Yukon,24375
1802,Jul-85,Northwest Territories including Nunavut,54209
1803,Oct-85,Canada,25914797
1804,Oct-85,Newfoundland and Labrador,577784
1805,Oct-85,Prince Edward Island,127864
1806,Oct-85,Nova Scotia,887408
1807,Oct-85,New Brunswick,723955
1808,Oct-85,Quebec,6676959
1809,Oct-85,Ontario,9338435
1810,Oct-85,Manitoba,1085016
1811,Oct-85,Saskatchewan,1027418
1812,Oct-85,Alberta,2407001
1813,Oct-85,British Columbia,2984237
1814,Oct-85,Yukon,24458
1815,Oct-85,Northwest Territories including Nunavut,54262
1816,Jan-86,Canada,25962414
1817,Jan-86,Newfoundland and Labrador,577248
1818,Jan-86,Prince Edward Island,128256
1819,Jan-86,Nova Scotia,887435
1820,Jan-86,New Brunswick,724277
1821,Jan-86,Quebec,6684699
1822,Jan-86,Ontario,9362036
1823,Jan-86,Manitoba,1087851
1824,Jan-86,Saskatchewan,1027137
1825,Jan-86,Alberta,2415590
1826,Jan-86,British Columbia,2988964
1827,Jan-86,Yukon,24359
1828,Jan-86,Northwest Territories including Nunavut,54562
1829,Apr-86,Canada,26019615
1830,Apr-86,Newfoundland and Labrador,577105
1831,Apr-86,Prince Edward Island,128403
1832,Apr-86,Nova Scotia,888157
1833,Apr-86,New Brunswick,724432
1834,Apr-86,Quebec,6693133
1835,Apr-86,Ontario,9391784
1836,Apr-86,Manitoba,1090433
1837,Apr-86,Saskatchewan,1027812
1838,Apr-86,Alberta,2424950
1839,Apr-86,British Columbia,2994267
1840,Apr-86,Yukon,24364
1841,Apr-86,Northwest Territories including Nunavut,54775
1842,Jul-86,Canada,26100278
1843,Jul-86,Newfoundland and Labrador,576306
1844,Jul-86,Prince Edward Island,128436
1845,Jul-86,Nova Scotia,889087
1846,Jul-86,New Brunswick,725019
1847,Jul-86,Quebec,6708170
1848,Jul-86,Ontario,9437359
1849,Jul-86,Manitoba,1091552
1850,Jul-86,Saskatchewan,1028717
1851,Jul-86,Alberta,2432930
1852,Jul-86,British Columbia,3003621
1853,Jul-86,Yukon,24430
1854,Jul-86,Northwest Territories including Nunavut,54651
1855,Oct-86,Canada,26187639
1856,Oct-86,Newfoundland and Labrador,575396
1857,Oct-86,Prince Edward Island,128281
1858,Oct-86,Nova Scotia,891078
1859,Oct-86,New Brunswick,725304
1860,Oct-86,Quebec,6727250
1861,Oct-86,Ontario,9493289
1862,Oct-86,Manitoba,1092636
1863,Oct-86,Saskatchewan,1029554
1864,Oct-86,Alberta,2429949
1865,Oct-86,British Columbia,3015876
1866,Oct-86,Yukon,24782
1867,Oct-86,Northwest Territories including Nunavut,54244
1868,Jan-87,Canada,26256140
1869,Jan-87,Newfoundland and Labrador,575586
1870,Jan-87,Prince Edward Island,128429
1871,Jan-87,Nova Scotia,891424
1872,Jan-87,New Brunswick,725368
1873,Jan-87,Quebec,6745101
1874,Jan-87,Ontario,9531478
1875,Jan-87,Manitoba,1094659
1876,Jan-87,Saskatchewan,1029639
1877,Jan-87,Alberta,2432958
1878,Jan-87,British Columbia,3021900
1879,Jan-87,Yukon,25125
1880,Jan-87,Northwest Territories including Nunavut,54473
1881,Apr-87,Canada,26346370
1882,Apr-87,Newfoundland and Labrador,575802
1883,Apr-87,Prince Edward Island,128645
1884,Apr-87,Nova Scotia,891908
1885,Apr-87,New Brunswick,726566
1886,Apr-87,Quebec,6765059
1887,Apr-87,Ontario,9577947
1888,Apr-87,Manitoba,1097076
1889,Apr-87,Saskatchewan,1031336
1890,Apr-87,Alberta,2439074
1891,Apr-87,British Columbia,3032807
1892,Apr-87,Yukon,25386
1893,Apr-87,Northwest Territories including Nunavut,54764
1894,Jul-87,Canada,26446601
1895,Jul-87,Newfoundland and Labrador,575242
1896,Jul-87,Prince Edward Island,128641
1897,Jul-87,Nova Scotia,893606
1898,Jul-87,New Brunswick,727768
1899,Jul-87,Quebec,6781984
1900,Jul-87,Ontario,9637945
1901,Jul-87,Manitoba,1098373
1902,Jul-87,Saskatchewan,1032799
1903,Jul-87,Alberta,2440877
1904,Jul-87,British Columbia,3048651
1905,Jul-87,Yukon,25706
1906,Jul-87,Northwest Territories including Nunavut,55009
1907,Oct-87,Canada,26542370
1908,Oct-87,Newfoundland and Labrador,574094
1909,Oct-87,Prince Edward Island,128758
1910,Oct-87,Nova Scotia,894585
1911,Oct-87,New Brunswick,728100
1912,Oct-87,Quebec,6796640
1913,Oct-87,Ontario,9702789
1914,Oct-87,Manitoba,1098195
1915,Oct-87,Saskatchewan,1031995
1916,Oct-87,Alberta,2437537
1917,Oct-87,British Columbia,3068995
1918,Oct-87,Yukon,25808
1919,Oct-87,Northwest Territories including Nunavut,54874
1920,Jan-88,Canada,26602328
1921,Jan-88,Newfoundland and Labrador,574543
1922,Jan-88,Prince Edward Island,129152
1923,Jan-88,Nova Scotia,894600
1924,Jan-88,New Brunswick,728401
1925,Jan-88,Quebec,6805203
1926,Jan-88,Ontario,9735171
1927,Jan-88,Manitoba,1099782
1928,Jan-88,Saskatchewan,1029527
1929,Jan-88,Alberta,2443396
1930,Jan-88,British Columbia,3081368
1931,Jan-88,Yukon,25902
1932,Jan-88,Northwest Territories including Nunavut,55283
1933,Apr-88,Canada,26679165
1934,Apr-88,Newfoundland and Labrador,574912
1935,Apr-88,Prince Edward Island,129242
1936,Apr-88,Nova Scotia,895638
1937,Apr-88,New Brunswick,729079
1938,Apr-88,Quebec,6818248
1939,Apr-88,Ontario,9774964
1940,Apr-88,Manitoba,1101404
1941,Apr-88,Saskatchewan,1028590
1942,Apr-88,Alberta,2450646
1943,Apr-88,British Columbia,3094274
1944,Apr-88,Yukon,26335
1945,Apr-88,Northwest Territories including Nunavut,55833
1946,Jul-88,Canada,26791747
1947,Jul-88,Newfoundland and Labrador,574982
1948,Jul-88,Prince Edward Island,129289
1949,Jul-88,Nova Scotia,897216
1950,Jul-88,New Brunswick,730349
1951,Jul-88,Quebec,6837077
1952,Jul-88,Ontario,9838620
1953,Jul-88,Manitoba,1102152
1954,Jul-88,Saskatchewan,1028225
1955,Jul-88,Alberta,2456614
1956,Jul-88,British Columbia,3114761
1957,Jul-88,Yukon,26653
1958,Jul-88,Northwest Territories including Nunavut,55809
1959,Oct-88,Canada,26932655
1960,Oct-88,Newfoundland and Labrador,574645
1961,Oct-88,Prince Edward Island,129327
1962,Oct-88,Nova Scotia,899462
1963,Oct-88,New Brunswick,731671
1964,Oct-88,Quebec,6864044
1965,Oct-88,Ontario,9917210
1966,Oct-88,Manitoba,1101074
1967,Oct-88,Saskatchewan,1025453
1968,Oct-88,Alberta,2465242
1969,Oct-88,British Columbia,3141854
1970,Oct-88,Yukon,26582
1971,Oct-88,Northwest Territories including Nunavut,56091
1972,Jan-89,Canada,27032356
1973,Jan-89,Newfoundland and Labrador,575626
1974,Jan-89,Prince Edward Island,129984
1975,Jan-89,Nova Scotia,900270
1976,Jan-89,New Brunswick,732462
1977,Jan-89,Quebec,6882602
1978,Jan-89,Ontario,9969308
1979,Jan-89,Manitoba,1101544
1980,Jan-89,Saskatchewan,1021497
1981,Jan-89,Alberta,2477533
1982,Jan-89,British Columbia,3158092
1983,Jan-89,Yukon,26898
1984,Jan-89,Northwest Territories including Nunavut,56540
1985,Apr-89,Canada,27147776
1986,Apr-89,Newfoundland and Labrador,576458
1987,Apr-89,Prince Edward Island,130192
1988,Apr-89,Nova Scotia,901341
1989,Apr-89,New Brunswick,733872
1990,Apr-89,Quebec,6903228
1991,Apr-89,Ontario,10031922
1992,Apr-89,Manitoba,1102669
1993,Apr-89,Saskatchewan,1020302
1994,Apr-89,Alberta,2489032
1995,Apr-89,British Columbia,3174623
1996,Apr-89,Yukon,27053
1997,Apr-89,Northwest Territories including Nunavut,57084
1998,Jul-89,Canada,27276781
1999,Jul-89,Newfoundland and Labrador,576551
2000,Jul-89,Prince Edward Island,130153
2001,Jul-89,Nova Scotia,903841
2002,Jul-89,New Brunswick,735129
2003,Jul-89,Quebec,6925128
2004,Jul-89,Ontario,10103305
2005,Jul-89,Manitoba,1103792
2006,Jul-89,Saskatchewan,1019439
2007,Jul-89,Alberta,2498325
2008,Jul-89,British Columbia,3196725
2009,Jul-89,Yukon,27167
2010,Jul-89,Northwest Territories including Nunavut,57226
2011,Oct-89,Canada,27402695
2012,Oct-89,Newfoundland and Labrador,575594
2013,Oct-89,Prince Edward Island,129900
2014,Oct-89,Nova Scotia,906644
2015,Oct-89,New Brunswick,736352
2016,Oct-89,Quebec,6946945
2017,Oct-89,Ontario,10167642
2018,Oct-89,Manitoba,1102522
2019,Oct-89,Saskatchewan,1016043
2020,Oct-89,Alberta,2507203
2021,Oct-89,British Columbia,3229220
2022,Oct-89,Yukon,27197
2023,Oct-89,Northwest Territories including Nunavut,57433
2024,Jan-90,Canada,27463550
2025,Jan-90,Newfoundland and Labrador,576278
2026,Jan-90,Prince Edward Island,130336
2027,Jan-90,Nova Scotia,907394
2028,Jan-90,New Brunswick,737307
2029,Jan-90,Quebec,6955119
2030,Jan-90,Ontario,10189985
2031,Jan-90,Manitoba,1102752
2032,Jan-90,Saskatchewan,1011429
2033,Jan-90,Alberta,2520056
2034,Jan-90,British Columbia,3247419
2035,Jan-90,Yukon,27605
2036,Jan-90,Northwest Territories including Nunavut,57870
2037,Apr-90,Canada,27567161
2038,Apr-90,Newfoundland and Labrador,577167
2039,Apr-90,Prince Edward Island,130468
2040,Apr-90,Nova Scotia,908444
2041,Apr-90,New Brunswick,738744
2042,Apr-90,Quebec,6973762
2043,Apr-90,Ontario,10238884
2044,Apr-90,Manitoba,1103935
2045,Apr-90,Saskatchewan,1009952
2046,Apr-90,Alberta,2532621
2047,Apr-90,British Columbia,3266888
2048,Apr-90,Yukon,27824
2049,Apr-90,Northwest Territories including Nunavut,58472
2050,Jul-90,Canada,27691138
2051,Jul-90,Newfoundland and Labrador,577368
2052,Jul-90,Prince Edward Island,130404
2053,Jul-90,Nova Scotia,910451
2054,Jul-90,New Brunswick,740156
2055,Jul-90,Quebec,6996986
2056,Jul-90,Ontario,10295832
2057,Jul-90,Manitoba,1105421
2058,Jul-90,Saskatchewan,1007727
2059,Jul-90,Alberta,2547788
2060,Jul-90,British Columbia,3292111
2061,Jul-90,Yukon,27957
2062,Jul-90,Northwest Territories including Nunavut,58937
2063,Oct-90,Canada,27807591
2064,Oct-90,Newfoundland and Labrador,577113
2065,Oct-90,Prince Edward Island,130367
2066,Oct-90,Nova Scotia,911749
2067,Oct-90,New Brunswick,741981
2068,Oct-90,Quebec,7019039
2069,Oct-90,Ontario,10344678
2070,Oct-90,Manitoba,1105098
2071,Oct-90,Saskatchewan,1004214
2072,Oct-90,Alberta,2563142
2073,Oct-90,British Columbia,3322896
2074,Oct-90,Yukon,28023
2075,Oct-90,Northwest Territories including Nunavut,59291
2076,Jan-91,Canada,27854861
2077,Jan-91,Newfoundland and Labrador,577377
2078,Jan-91,Prince Edward Island,130477
2079,Jan-91,Nova Scotia,912792
2080,Jan-91,New Brunswick,743210
2081,Jan-91,Quebec,7026241
2082,Jan-91,Ontario,10355101
2083,Jan-91,Manitoba,1106196
2084,Jan-91,Saskatchewan,1002651
2085,Jan-91,Alberta,2572947
2086,Jan-91,British Columbia,3339935
2087,Jan-91,Yukon,28223
2088,Jan-91,Northwest Territories including Nunavut,59711
2089,Apr-91,Canada,27928837
2090,Apr-91,Newfoundland and Labrador,578397
2091,Apr-91,Prince Edward Island,130453
2092,Apr-91,Nova Scotia,912889
2093,Apr-91,New Brunswick,744203
2094,Apr-91,Quebec,7044395
2095,Apr-91,Ontario,10385937
2096,Apr-91,Manitoba,1107757
2097,Apr-91,Saskatchewan,1002876
2098,Apr-91,Alberta,2580625
2099,Apr-91,British Columbia,3352585
2100,Apr-91,Yukon,28494
2101,Apr-91,Northwest Territories including Nunavut,60226
2102,Jul-91,Canada,28037420
2103,Jul-91,Newfoundland and Labrador,579644
2104,Jul-91,Prince Edward Island,130369
2105,Jul-91,Nova Scotia,914969
2106,Jul-91,New Brunswick,745567
2107,Jul-91,Quebec,7067396
2108,Jul-91,Ontario,10431316
2109,Jul-91,Manitoba,1109604
2110,Jul-91,Saskatchewan,1002713
2111,Jul-91,Alberta,2592306
2112,Jul-91,British Columbia,3373787
2113,Jul-91,Yukon,28871
2114,Jul-91,Northwest Territories including Nunavut,60878
2115,Jul-91,Northwest Territories,38724
2116,Jul-91,Nunavut,22154
2117,Oct-91,Canada,28127327
2118,Oct-91,Newfoundland and Labrador,579549
2119,Oct-91,Prince Edward Island,130360
2120,Oct-91,Nova Scotia,916896
2121,Oct-91,New Brunswick,745886
2122,Oct-91,Quebec,7080336
2123,Oct-91,Ontario,10465562
2124,Oct-91,Manitoba,1109400
2125,Oct-91,Saskatchewan,1000942
2126,Oct-91,Alberta,2604031
2127,Oct-91,British Columbia,3404049
2128,Oct-91,Yukon,29142
2129,Oct-91,Northwest Territories,38854
2130,Oct-91,Nunavut,22320
2131,Jan-92,Canada,28181477
2132,Jan-92,Newfoundland and Labrador,579425
2133,Jan-92,Prince Edward Island,130604
2134,Jan-92,Nova Scotia,917302
2135,Jan-92,New Brunswick,746571
2136,Jan-92,Quebec,7082645
2137,Jan-92,Ontario,10488022
2138,Jan-92,Manitoba,1109978
2139,Jan-92,Saskatchewan,1001136
2140,Jan-92,Alberta,2611786
2141,Jan-92,British Columbia,3423217
2142,Jan-92,Yukon,29239
2143,Jan-92,Northwest Territories,39055
2144,Jan-92,Nunavut,22497
2145,Apr-92,Canada,28269699
2146,Apr-92,Newfoundland and Labrador,579761
2147,Apr-92,Prince Edward Island,130812
2148,Apr-92,Nova Scotia,917555
2149,Apr-92,New Brunswick,747232
2150,Apr-92,Quebec,7096705
2151,Apr-92,Ontario,10528346
2152,Apr-92,Manitoba,1111050
2153,Apr-92,Saskatchewan,1002831
2154,Apr-92,Alberta,2620771
2155,Apr-92,British Columbia,3443237
2156,Apr-92,Yukon,29510
2157,Apr-92,Northwest Territories,39230
2158,Apr-92,Nunavut,22659
2159,Jul-92,Canada,28371264
2160,Jul-92,Newfoundland and Labrador,580109
2161,Jul-92,Prince Edward Island,130827
2162,Jul-92,Nova Scotia,919451
2163,Jul-92,New Brunswick,748121
2164,Jul-92,Quebec,7110010
2165,Jul-92,Ontario,10572205
2166,Jul-92,Manitoba,1112689
2167,Jul-92,Saskatchewan,1003995
2168,Jul-92,Alberta,2632672
2169,Jul-92,British Columbia,3468802
2170,Jul-92,Yukon,30084
2171,Jul-92,Northwest Territories,39416
2172,Jul-92,Nunavut,22883
2173,Oct-92,Canada,28474177
2174,Oct-92,Newfoundland and Labrador,579624
2175,Oct-92,Prince Edward Island,131201
2176,Oct-92,Nova Scotia,921619
2177,Oct-92,New Brunswick,747746
2178,Oct-92,Quebec,7129062
2179,Oct-92,Ontario,10610665
2180,Oct-92,Manitoba,1113209
2181,Oct-92,Saskatchewan,1002960
2182,Oct-92,Alberta,2643421
2183,Oct-92,British Columbia,3502209
2184,Oct-92,Yukon,30034
2185,Oct-92,Northwest Territories,39422
2186,Oct-92,Nunavut,23005
2187,Jan-93,Canada,28533602
2188,Jan-93,Newfoundland and Labrador,580819
2189,Jan-93,Prince Edward Island,131564
2190,Jan-93,Nova Scotia,922128
2191,Jan-93,New Brunswick,747892
2192,Jan-93,Quebec,7137514
2193,Jan-93,Ontario,10629994
2194,Jan-93,Manitoba,1114180
2195,Jan-93,Saskatchewan,1003443
2196,Jan-93,Alberta,2650886
2197,Jan-93,British Columbia,3522509
2198,Jan-93,Yukon,29964
2199,Jan-93,Northwest Territories,39538
2200,Jan-93,Nunavut,23171
2201,Apr-93,Canada,28600864
2202,Apr-93,Newfoundland and Labrador,580369
2203,Apr-93,Prince Edward Island,131833
2204,Apr-93,Nova Scotia,922469
2205,Apr-93,New Brunswick,748320
2206,Apr-93,Quebec,7147047
2207,Apr-93,Ontario,10656924
2208,Apr-93,Manitoba,1115554
2209,Apr-93,Saskatchewan,1005037
2210,Apr-93,Alberta,2658293
2211,Apr-93,British Columbia,3541936
2212,Apr-93,Yukon,30112
2213,Apr-93,Northwest Territories,39649
2214,Apr-93,Nunavut,23321
2215,Jul-93,Canada,28684764
2216,Jul-93,Newfoundland and Labrador,579977
2217,Jul-93,Prince Edward Island,132177
2218,Jul-93,Nova Scotia,923925
2219,Jul-93,New Brunswick,748812
2220,Jul-93,Quebec,7156537
2221,Jul-93,Ontario,10690038
2222,Jul-93,Manitoba,1117618
2223,Jul-93,Saskatchewan,1006900
2224,Jul-93,Alberta,2667292
2225,Jul-93,British Columbia,3567772
2226,Jul-93,Yukon,30337
2227,Jul-93,Northwest Territories,39820
2228,Jul-93,Nunavut,23559
2229,Oct-93,Canada,28786619
2230,Oct-93,Newfoundland and Labrador,578194
2231,Oct-93,Prince Edward Island,132467
2232,Oct-93,Nova Scotia,925851
2233,Oct-93,New Brunswick,749454
2234,Oct-93,Quebec,7172016
2235,Oct-93,Ontario,10728737
2236,Oct-93,Manitoba,1118603
2237,Oct-93,Saskatchewan,1007016
2238,Oct-93,Alberta,2678623
2239,Oct-93,British Columbia,3601746
2240,Oct-93,Yukon,30016
2241,Oct-93,Northwest Territories,40095
2242,Oct-93,Nunavut,23801
2243,Jan-94,Canada,28835772
2244,Jan-94,Newfoundland and Labrador,577128
2245,Jan-94,Prince Edward Island,132752
2246,Jan-94,Nova Scotia,925852
2247,Jan-94,New Brunswick,749531
2248,Jan-94,Quebec,7177923
2249,Jan-94,Ontario,10744762
2250,Jan-94,Manitoba,1119284
2251,Jan-94,Saskatchewan,1007554
2252,Jan-94,Alberta,2683346
2253,Jan-94,British Columbia,3623717
2254,Jan-94,Yukon,29670
2255,Jan-94,Northwest Territories,40273
2256,Jan-94,Nunavut,23980
2257,Apr-94,Canada,28907448
2258,Apr-94,Newfoundland and Labrador,575670
2259,Apr-94,Prince Edward Island,133030
2260,Apr-94,Nova Scotia,926109
2261,Apr-94,New Brunswick,749473
2262,Apr-94,Quebec,7184599
2263,Apr-94,Ontario,10776819
2264,Apr-94,Manitoba,1120863
2265,Apr-94,Saskatchewan,1008540
2266,Apr-94,Alberta,2691443
2267,Apr-94,British Columbia,3646632
2268,Apr-94,Yukon,29682
2269,Apr-94,Northwest Territories,40383
2270,Apr-94,Nunavut,24205
2271,Jul-94,Canada,29000663
2272,Jul-94,Newfoundland and Labrador,574466
2273,Jul-94,Prince Edward Island,133437
2274,Jul-94,Nova Scotia,926871
2275,Jul-94,New Brunswick,750185
2276,Jul-94,Quebec,7192403
2277,Jul-94,Ontario,10819146
2278,Jul-94,Manitoba,1123230
2279,Jul-94,Saskatchewan,1009575
2280,Jul-94,Alberta,2700606
2281,Jul-94,British Columbia,3676075
2282,Jul-94,Yukon,29684
2283,Jul-94,Northwest Territories,40578
2284,Jul-94,Nunavut,24407
2285,Oct-94,Canada,29096372
2286,Oct-94,Newfoundland and Labrador,572068
2287,Oct-94,Prince Edward Island,133800
2288,Oct-94,Nova Scotia,927778
2289,Oct-94,New Brunswick,750670
2290,Oct-94,Quebec,7201106
2291,Oct-94,Ontario,10860406
2292,Oct-94,Manitoba,1124263
2293,Oct-94,Saskatchewan,1010784
2294,Oct-94,Alberta,2709011
2295,Oct-94,British Columbia,3711468
2296,Oct-94,Yukon,29606
2297,Oct-94,Northwest Territories,40875
2298,Oct-94,Nunavut,24537
2299,Jan-95,Canada,29141902
2300,Jan-95,Newfoundland and Labrador,570563
2301,Jan-95,Prince Edward Island,134060
2302,Jan-95,Nova Scotia,927395
2303,Jan-95,New Brunswick,750819
2304,Jan-95,Quebec,7205074
2305,Jan-95,Ontario,10875308
2306,Jan-95,Manitoba,1124947
2307,Jan-95,Saskatchewan,1011784
2308,Jan-95,Alberta,2715701
2309,Jan-95,British Columbia,3730564
2310,Jan-95,Yukon,29882
2311,Jan-95,Northwest Territories,41114
2312,Jan-95,Nunavut,24691
2313,Apr-95,Canada,29211541
2314,Apr-95,Newfoundland and Labrador,569068
2315,Apr-95,Prince Edward Island,134175
2316,Apr-95,Nova Scotia,927641
2317,Apr-95,New Brunswick,750692
2318,Apr-95,Quebec,7210305
2319,Apr-95,Ontario,10906895
2320,Apr-95,Manitoba,1127234
2321,Apr-95,Saskatchewan,1012795
2322,Apr-95,Alberta,2724946
2323,Apr-95,British Columbia,3751377
2324,Apr-95,Yukon,30143
2325,Apr-95,Northwest Territories,41407
2326,Apr-95,Nunavut,24863
2327,Jul-95,Canada,29302311
2328,Jul-95,Newfoundland and Labrador,567397
2329,Jul-95,Prince Edward Island,134415
2330,Jul-95,Nova Scotia,928120
2331,Jul-95,New Brunswick,750943
2332,Jul-95,Quebec,7219219
2333,Jul-95,Ontario,10950119
2334,Jul-95,Manitoba,1129150
2335,Jul-95,Saskatchewan,1014187
2336,Jul-95,Alberta,2734519
2337,Jul-95,British Columbia,3777390
2338,Jul-95,Yukon,30442
2339,Jul-95,Northwest Territories,41432
2340,Jul-95,Nunavut,24978
2341,Oct-95,Canada,29396274
2342,Oct-95,Newfoundland and Labrador,565008
2343,Oct-95,Prince Edward Island,134971
2344,Oct-95,Nova Scotia,930028
2345,Oct-95,New Brunswick,751174
2346,Oct-95,Quebec,7228600
2347,Oct-95,Ontario,10993416
2348,Oct-95,Manitoba,1129547
2349,Oct-95,Saskatchewan,1015349
2350,Oct-95,Alberta,2745255
2351,Oct-95,British Columbia,3805461
2352,Oct-95,Yukon,30875
2353,Oct-95,Northwest Territories,41470
2354,Oct-95,Nunavut,25120
2355,Jan-96,Canada,29446857
2356,Jan-96,Newfoundland and Labrador,563679
2357,Jan-96,Prince Edward Island,135119
2358,Jan-96,Nova Scotia,929782
2359,Jan-96,New Brunswick,751581
2360,Jan-96,Quebec,7232952
2361,Jan-96,Ontario,11009307
2362,Jan-96,Manitoba,1130288
2363,Jan-96,Saskatchewan,1016198
2364,Jan-96,Alberta,2753463
2365,Jan-96,British Columbia,3826739
2366,Jan-96,Yukon,30963
2367,Jan-96,Northwest Territories,41495
2368,Jan-96,Nunavut,25291
2369,Apr-96,Canada,29514217
2370,Apr-96,Newfoundland and Labrador,561646
2371,Apr-96,Prince Edward Island,135311
2372,Apr-96,Nova Scotia,929921
2373,Apr-96,New Brunswick,751872
2374,Apr-96,Quebec,7237307
2375,Apr-96,Ontario,11037392
2376,Apr-96,Manitoba,1132025
2377,Apr-96,Saskatchewan,1017872
2378,Apr-96,Alberta,2762903
2379,Apr-96,British Columbia,3849847
2380,Apr-96,Yukon,31142
2381,Apr-96,Northwest Territories,41516
2382,Apr-96,Nunavut,25463
2383,Jul-96,Canada,29610218
2384,Jul-96,Newfoundland and Labrador,559698
2385,Jul-96,Prince Edward Island,135737
2386,Jul-96,Nova Scotia,931327
2387,Jul-96,New Brunswick,752268
2388,Jul-96,Quebec,7246897
2389,Jul-96,Ontario,11082903
2390,Jul-96,Manitoba,1134196
2391,Jul-96,Saskatchewan,1018945
2392,Jul-96,Alberta,2775133
2393,Jul-96,British Columbia,3874317
2394,Jul-96,Yukon,31387
2395,Jul-96,Northwest Territories,41741
2396,Jul-96,Nunavut,25669
2397,Oct-96,Canada,29708206
2398,Oct-96,Newfoundland and Labrador,557281
2399,Oct-96,Prince Edward Island,136004
2400,Oct-96,Nova Scotia,932276
2401,Oct-96,New Brunswick,752526
2402,Oct-96,Quebec,7257616
2403,Oct-96,Ontario,11130574
2404,Oct-96,Manitoba,1134619
2405,Oct-96,Saskatchewan,1019408
2406,Oct-96,Alberta,2789691
2407,Oct-96,British Columbia,3899256
2408,Oct-96,Yukon,31596
2409,Oct-96,Northwest Territories,41611
2410,Oct-96,Nunavut,25748
2411,Jan-97,Canada,29751536
2412,Jan-97,Newfoundland and Labrador,555432
2413,Jan-97,Prince Edward Island,135935
2414,Jan-97,Nova Scotia,932349
2415,Jan-97,New Brunswick,752334
2416,Jan-97,Quebec,7262945
2417,Jan-97,Ontario,11146270
2418,Jan-97,Manitoba,1134997
2419,Jan-97,Saskatchewan,1018326
2420,Jan-97,Alberta,2799561
2421,Jan-97,British Columbia,3914490
2422,Jan-97,Yukon,31633
2423,Jan-97,Northwest Territories,41528
2424,Jan-97,Nunavut,25736
2425,Apr-97,Canada,29818012
2426,Apr-97,Newfoundland and Labrador,553115
2427,Apr-97,Prince Edward Island,135931
2428,Apr-97,Nova Scotia,931832
2429,Apr-97,New Brunswick,752447
2430,Apr-97,Quebec,7267820
2431,Apr-97,Ontario,11179959
2432,Apr-97,Manitoba,1135846
2433,Apr-97,Saskatchewan,1017683
2434,Apr-97,Alberta,2813157
2435,Apr-97,British Columbia,3931056
2436,Apr-97,Yukon,31659
2437,Apr-97,Northwest Territories,41668
2438,Apr-97,Nunavut,25839
2439,Jul-97,Canada,29905948
2440,Jul-97,Newfoundland and Labrador,550911
2441,Jul-97,Prince Edward Island,136095
2442,Jul-97,Nova Scotia,932402
2443,Jul-97,New Brunswick,752511
2444,Jul-97,Quebec,7274611
2445,Jul-97,Ontario,11227651
2446,Jul-97,Manitoba,1136128
2447,Jul-97,Saskatchewan,1017902
2448,Jul-97,Alberta,2829848
2449,Jul-97,British Columbia,3948583
2450,Jul-97,Yukon,31797
2451,Jul-97,Northwest Territories,41625
2452,Jul-97,Nunavut,25884
2453,Oct-97,Canada,29994790
2454,Oct-97,Newfoundland and Labrador,547639
2455,Oct-97,Prince Edward Island,136165
2456,Oct-97,Nova Scotia,932735
2457,Oct-97,New Brunswick,752248
2458,Oct-97,Quebec,7282871
2459,Oct-97,Ontario,11278893
2460,Oct-97,Manitoba,1135649
2461,Oct-97,Saskatchewan,1017426
2462,Oct-97,Alberta,2847526
2463,Oct-97,British Columbia,3964677
2464,Oct-97,Yukon,31556
2465,Oct-97,Northwest Territories,41411
2466,Oct-97,Nunavut,25994
2467,Jan-98,Canada,30028506
2468,Jan-98,Newfoundland and Labrador,545769
2469,Jan-98,Prince Edward Island,135938
2470,Jan-98,Nova Scotia,932549
2471,Jan-98,New Brunswick,751969
2472,Jan-98,Quebec,7286008
2473,Jan-98,Ontario,11292059
2474,Jan-98,Manitoba,1135770
2475,Jan-98,Saskatchewan,1017504
2476,Jan-98,Alberta,2859305
2477,Jan-98,British Columbia,3972821
2478,Jan-98,Yukon,31510
2479,Jan-98,Northwest Territories,41222
2480,Jan-98,Nunavut,26082
2481,Apr-98,Canada,30080180
2482,Apr-98,Newfoundland and Labrador,542479
2483,Apr-98,Prince Edward Island,135635
2484,Apr-98,Nova Scotia,932033
2485,Apr-98,New Brunswick,751080
2486,Apr-98,Quebec,7290497
2487,Apr-98,Ontario,11322038
2488,Apr-98,Manitoba,1136177
2489,Apr-98,Saskatchewan,1017105
2490,Apr-98,Alberta,2876753
2491,Apr-98,British Columbia,3977912
2492,Apr-98,Yukon,31320
2493,Apr-98,Northwest Territories,40968
2494,Apr-98,Nunavut,26183
2495,Jul-98,Canada,30155173
2496,Jul-98,Newfoundland and Labrador,539843
2497,Jul-98,Prince Edward Island,135804
2498,Jul-98,Nova Scotia,931836
2499,Jul-98,New Brunswick,750530
2500,Jul-98,Quebec,7295935
2501,Jul-98,Ontario,11365901
2502,Jul-98,Manitoba,1137489
2503,Jul-98,Saskatchewan,1017332
2504,Jul-98,Alberta,2899066
2505,Jul-98,British Columbia,3983113
2506,Jul-98,Yukon,31149
2507,Jul-98,Northwest Territories,40802
2508,Jul-98,Nunavut,26373
2509,Oct-98,Canada,30231639
2510,Oct-98,Newfoundland and Labrador,537908
2511,Oct-98,Prince Edward Island,135908
2512,Oct-98,Nova Scotia,932740
2513,Oct-98,New Brunswick,750708
2514,Oct-98,Quebec,7305302
2515,Oct-98,Ontario,11408804
2516,Oct-98,Manitoba,1138328
2517,Oct-98,Saskatchewan,1017748
2518,Oct-98,Alberta,2915781
2519,Oct-98,British Columbia,3990451
2520,Oct-98,Yukon,30877
2521,Oct-98,Northwest Territories,40635
2522,Oct-98,Nunavut,26449
2523,Jan-99,Canada,30260117
2524,Jan-99,Newfoundland and Labrador,536515
2525,Jan-99,Prince Edward Island,135994
2526,Jan-99,Nova Scotia,932145
2527,Jan-99,New Brunswick,750127
2528,Jan-99,Quebec,7310238
2529,Jan-99,Ontario,11419589
2530,Jan-99,Manitoba,1138946
2531,Jan-99,Saskatchewan,1016883
2532,Jan-99,Alberta,2926079
2533,Jan-99,British Columbia,3995643
2534,Jan-99,Yukon,30748
2535,Jan-99,Northwest Territories,40635
2536,Jan-99,Nunavut,26575
2537,Apr-99,Canada,30314696
2538,Apr-99,Newfoundland and Labrador,534498
2539,Apr-99,Prince Edward Island,136025
2540,Apr-99,Nova Scotia,932116
2541,Apr-99,New Brunswick,750075
2542,Apr-99,Quebec,7315053
2543,Apr-99,Ontario,11452857
2544,Apr-99,Manitoba,1140502
2545,Apr-99,Saskatchewan,1015716
2546,Apr-99,Alberta,2937393
2547,Apr-99,British Columbia,4002433
2548,Apr-99,Yukon,30602
2549,Apr-99,Northwest Territories,40705
2550,Apr-99,Nunavut,26721
2551,Jul-99,Canada,30401286
2552,Jul-99,Newfoundland and Labrador,533329
2553,Jul-99,Prince Edward Island,136281
2554,Jul-99,Nova Scotia,933784
2555,Jul-99,New Brunswick,750601
2556,Jul-99,Quebec,7323250
2557,Jul-99,Ontario,11504759
2558,Jul-99,Manitoba,1142448
2559,Jul-99,Saskatchewan,1014524
2560,Jul-99,Alberta,2952692
2561,Jul-99,British Columbia,4011375
2562,Jul-99,Yukon,30785
2563,Jul-99,Northwest Territories,40638
2564,Jul-99,Nunavut,26820
2565,Oct-99,Canada,30492106
2566,Oct-99,Newfoundland and Labrador,532246
2567,Oct-99,Prince Edward Island,136424
2568,Oct-99,Nova Scotia,935941
2569,Oct-99,New Brunswick,750643
2570,Oct-99,Quebec,7334722
2571,Oct-99,Ontario,11559464
2572,Oct-99,Manitoba,1143618
2573,Oct-99,Saskatchewan,1012582
2574,Oct-99,Alberta,2966682
2575,Oct-99,British Columbia,4021600
2576,Oct-99,Yukon,30608
2577,Oct-99,Northwest Territories,40579
2578,Oct-99,Nunavut,26997
2579,Jan-00,Canada,30525872
2580,Jan-00,Newfoundland and Labrador,531774
2581,Jan-00,Prince Edward Island,136442
2582,Jan-00,Nova Scotia,934594
2583,Jan-00,New Brunswick,750786
2584,Jan-00,Quebec,7340269
2585,Jan-00,Ontario,11576994
2586,Jan-00,Manitoba,1144428
2587,Jan-00,Saskatchewan,1011141
2588,Jan-00,Alberta,2974517
2589,Jan-00,British Columbia,4026664
2590,Jan-00,Yukon,30495
2591,Jan-00,Northwest Territories,40623
2592,Jan-00,Nunavut,27145
2593,Apr-00,Canada,30594030
2594,Apr-00,Newfoundland and Labrador,529574
2595,Apr-00,Prince Edward Island,136289
2596,Apr-00,Nova Scotia,934291
2597,Apr-00,New Brunswick,750543
2598,Apr-00,Quebec,7347179
2599,Apr-00,Ontario,11621255
2600,Apr-00,Manitoba,1145873
2601,Apr-00,Saskatchewan,1009177
2602,Apr-00,Alberta,2988465
2603,Apr-00,British Columbia,4033319
2604,Apr-00,Yukon,30382
2605,Apr-00,Northwest Territories,40455
2606,Apr-00,Nunavut,27228
2607,Jul-00,Canada,30685730
2608,Jul-00,Newfoundland and Labrador,527966
2609,Jul-00,Prince Edward Island,136470
2610,Jul-00,Nova Scotia,933821
2611,Jul-00,New Brunswick,750517
2612,Jul-00,Quebec,7356951
2613,Jul-00,Ontario,11683290
2614,Jul-00,Manitoba,1147313
2615,Jul-00,Saskatchewan,1007565
2616,Jul-00,Alberta,3004198
2617,Jul-00,British Columbia,4039230
2618,Jul-00,Yukon,30431
2619,Jul-00,Northwest Territories,40480
2620,Jul-00,Nunavut,27498
2621,Oct-00,Canada,30783969
2622,Oct-00,Newfoundland and Labrador,526732
2623,Oct-00,Prince Edward Island,136400
2624,Oct-00,Nova Scotia,934459
2625,Oct-00,New Brunswick,750252
2626,Oct-00,Quebec,7368772
2627,Oct-00,Ontario,11748348
2628,Oct-00,Manitoba,1148183
2629,Oct-00,Saskatchewan,1006027
2630,Oct-00,Alberta,3016947
2631,Oct-00,British Columbia,4049297
2632,Oct-00,Yukon,30294
2633,Oct-00,Northwest Territories,40575
2634,Oct-00,Nunavut,27683
2635,Jan-01,Canada,30824441
2636,Jan-01,Newfoundland and Labrador,525299
2637,Jan-01,Prince Edward Island,136377
2638,Jan-01,Nova Scotia,933463
2639,Jan-01,New Brunswick,749715
2640,Jan-01,Quebec,7373978
2641,Jan-01,Ontario,11771945
2642,Jan-01,Manitoba,1148456
2643,Jan-01,Saskatchewan,1003469
2644,Jan-01,Alberta,3027941
2645,Jan-01,British Columbia,4055229
2646,Jan-01,Yukon,30147
2647,Jan-01,Northwest Territories,40624
2648,Jan-01,Nunavut,27798
2649,Apr-01,Canada,30910996
2650,Apr-01,Newfoundland and Labrador,523235
2651,Apr-01,Prince Edward Island,136499
2652,Apr-01,Nova Scotia,932909
2653,Apr-01,New Brunswick,749789
2654,Apr-01,Quebec,7383844
2655,Apr-01,Ontario,11827345
2656,Apr-01,Manitoba,1149684
2657,Apr-01,Saskatchewan,1001643
2658,Apr-01,Alberta,3041238
2659,Apr-01,British Columbia,4066132
2660,Apr-01,Yukon,30124
2661,Apr-01,Northwest Territories,40625
2662,Apr-01,Nunavut,27929
2663,Jul-01,Canada,31020902
2664,Jul-01,Newfoundland and Labrador,522046
2665,Jul-01,Prince Edward Island,136665
2666,Jul-01,Nova Scotia,932494
2667,Jul-01,New Brunswick,749820
2668,Jul-01,Quebec,7396456
2669,Jul-01,Ontario,11897534
2670,Jul-01,Manitoba,1151454
2671,Jul-01,Saskatchewan,1000239
2672,Jul-01,Alberta,3058108
2673,Jul-01,British Columbia,4076950
2674,Jul-01,Yukon,30158
2675,Jul-01,Northwest Territories,40845
2676,Jul-01,Nunavut,28133
2677,Oct-01,Canada,31129119
2678,Oct-01,Newfoundland and Labrador,521581
2679,Oct-01,Prince Edward Island,136876
2680,Oct-01,Nova Scotia,933336
2681,Oct-01,New Brunswick,749295
2682,Oct-01,Quebec,7411504
2683,Oct-01,Ontario,11961789
2684,Oct-01,Manitoba,1152150
2685,Oct-01,Saskatchewan,999175
2686,Oct-01,Alberta,3078336
2687,Oct-01,British Columbia,4085648
2688,Oct-01,Yukon,30076
2689,Oct-01,Northwest Territories,41173
2690,Oct-01,Nunavut,28180
2691,Jan-02,Canada,31169393
2692,Jan-02,Newfoundland and Labrador,521399
2693,Jan-02,Prince Edward Island,136858
2694,Jan-02,Nova Scotia,933773
2695,Jan-02,New Brunswick,748637
2696,Jan-02,Quebec,7417882
2697,Jan-02,Ontario,11980361
2698,Jan-02,Manitoba,1152837
2699,Jan-02,Saskatchewan,998681
2700,Jan-02,Alberta,3092107
2701,Jan-02,British Columbia,4087191
2702,Jan-02,Yukon,30153
2703,Jan-02,Northwest Territories,41176
2704,Jan-02,Nunavut,28338
2705,Apr-02,Canada,31253382
2706,Apr-02,Newfoundland and Labrador,520228
2707,Apr-02,Prince Edward Island,136892
2708,Apr-02,Nova Scotia,934177
2709,Apr-02,New Brunswick,748777
2710,Apr-02,Quebec,7428016
2711,Apr-02,Ontario,12030408
2712,Apr-02,Manitoba,1154737
2713,Apr-02,Saskatchewan,997740
2714,Apr-02,Alberta,3108360
2715,Apr-02,British Columbia,4094236
2716,Apr-02,Yukon,30142
2717,Apr-02,Northwest Territories,41280
2718,Apr-02,Nunavut,28389
2719,Jul-02,Canada,31360079
2720,Jul-02,Newfoundland and Labrador,519481
2721,Jul-02,Prince Edward Island,136880
2722,Jul-02,Nova Scotia,935179
2723,Jul-02,New Brunswick,749372
2724,Jul-02,Quebec,7441656
2725,Jul-02,Ontario,12094174
2726,Jul-02,Manitoba,1156680
2727,Jul-02,Saskatchewan,996807
2728,Jul-02,Alberta,3128429
2729,Jul-02,British Columbia,4100564
2730,Jul-02,Yukon,30336
2731,Jul-02,Northwest Territories,41699
2732,Jul-02,Nunavut,28822
2733,Oct-02,Canada,31451764
2734,Oct-02,Newfoundland and Labrador,519458
2735,Oct-02,Prince Edward Island,137078
2736,Oct-02,Nova Scotia,935968
2737,Oct-02,New Brunswick,749408
2738,Oct-02,Quebec,7455892
2739,Oct-02,Ontario,12146053
2740,Oct-02,Manitoba,1157298
2741,Oct-02,Saskatchewan,996279
2742,Oct-02,Alberta,3144926
2743,Oct-02,British Columbia,4108400
2744,Oct-02,Yukon,30266
2745,Oct-02,Northwest Territories,41874
2746,Oct-02,Nunavut,28864
2747,Jan-03,Canada,31480672
2748,Jan-03,Newfoundland and Labrador,519223
2749,Jan-03,Prince Edward Island,137077
2750,Jan-03,Nova Scotia,935509
2751,Jan-03,New Brunswick,749238
2752,Jan-03,Quebec,7461516
2753,Jan-03,Ontario,12156750
2754,Jan-03,Manitoba,1158369
2755,Jan-03,Saskatchewan,996241
2756,Jan-03,Alberta,3155103
2757,Jan-03,British Columbia,4110242
2758,Jan-03,Yukon,30422
2759,Jan-03,Northwest Territories,42006
2760,Jan-03,Nunavut,28976
2761,Apr-03,Canada,31550768
2762,Apr-03,Newfoundland and Labrador,518813
2763,Apr-03,Prince Edward Island,137120
2764,Apr-03,Nova Scotia,935800
2765,Apr-03,New Brunswick,749265
2766,Apr-03,Quebec,7471775
2767,Apr-03,Ontario,12195501
2768,Apr-03,Manitoba,1160863
2769,Apr-03,Saskatchewan,995748
2770,Apr-03,Alberta,3169049
2771,Apr-03,British Columbia,4114925
2772,Apr-03,Yukon,30573
2773,Apr-03,Northwest Territories,42219
2774,Apr-03,Nunavut,29117
2775,Jul-03,Canada,31644028
2776,Jul-03,Newfoundland and Labrador,518459
2777,Jul-03,Prince Edward Island,137227
2778,Jul-03,Nova Scotia,937717
2779,Jul-03,New Brunswick,749441
2780,Jul-03,Quebec,7485753
2781,Jul-03,Ontario,12245039
2782,Jul-03,Manitoba,1163596
2783,Jul-03,Saskatchewan,996386
2784,Jul-03,Alberta,3183065
2785,Jul-03,British Columbia,4124482
2786,Jul-03,Yukon,30941
2787,Jul-03,Northwest Territories,42600
2788,Jul-03,Nunavut,29322
2789,Oct-03,Canada,31737869
2790,Oct-03,Newfoundland and Labrador,518786
2791,Oct-03,Prince Edward Island,137425
2792,Oct-03,Nova Scotia,938790
2793,Oct-03,New Brunswick,749463
2794,Oct-03,Quebec,7503709
2795,Oct-03,Ontario,12291669
2796,Oct-03,Manitoba,1165530
2797,Oct-03,Saskatchewan,996555
2798,Oct-03,Alberta,3197858
2799,Oct-03,British Columbia,4134638
2800,Oct-03,Yukon,31218
2801,Oct-03,Northwest Territories,42857
2802,Oct-03,Nunavut,29371
2803,Jan-04,Canada,31777704
2804,Jan-04,Newfoundland and Labrador,518739
2805,Jan-04,Prince Edward Island,137510
2806,Jan-04,Nova Scotia,938997
2807,Jan-04,New Brunswick,749190
2808,Jan-04,Quebec,7510408
2809,Jan-04,Ontario,12305320
2810,Jan-04,Manitoba,1167656
2811,Jan-04,Saskatchewan,996558
2812,Jan-04,Alberta,3209372
2813,Jan-04,British Columbia,4139946
2814,Jan-04,Yukon,31319
2815,Jan-04,Northwest Territories,43171
2816,Jan-04,Nunavut,29518
2817,Apr-04,Canada,31846669
2818,Apr-04,Newfoundland and Labrador,517940
2819,Apr-04,Prince Edward Island,137629
2820,Apr-04,Nova Scotia,938783
2821,Apr-04,New Brunswick,749336
2822,Apr-04,Quebec,7520262
2823,Apr-04,Ontario,12341656
2824,Apr-04,Manitoba,1170347
2825,Apr-04,Saskatchewan,997080
2826,Apr-04,Alberta,3223490
2827,Apr-04,British Columbia,4145951
2828,Apr-04,Yukon,31401
2829,Apr-04,Northwest Territories,43210
2830,Apr-04,Nunavut,29584
2831,Jul-04,Canada,31940655
2832,Jul-04,Newfoundland and Labrador,517423
2833,Jul-04,Prince Edward Island,137680
2834,Jul-04,Nova Scotia,939664
2835,Jul-04,New Brunswick,749419
2836,Jul-04,Quebec,7535590
2837,Jul-04,Ontario,12391421
2838,Jul-04,Manitoba,1173238
2839,Jul-04,Saskatchewan,997283
2840,Jul-04,Alberta,3238668
2841,Jul-04,British Columbia,4155651
2842,Jul-04,Yukon,31455
2843,Jul-04,Northwest Territories,43306
2844,Jul-04,Nunavut,29857
2845,Oct-04,Canada,32039959
2846,Oct-04,Newfoundland and Labrador,516906
2847,Oct-04,Prince Edward Island,137695
2848,Oct-04,Nova Scotia,939884
2849,Oct-04,New Brunswick,749243
2850,Oct-04,Quebec,7553651
2851,Oct-04,Ontario,12437664
2852,Oct-04,Manitoba,1174675
2853,Oct-04,Saskatchewan,996993
2854,Oct-04,Alberta,3260590
2855,Oct-04,British Columbia,4167810
2856,Oct-04,Yukon,31689
2857,Oct-04,Northwest Territories,43352
2858,Oct-04,Nunavut,29807
2859,Jan-05,Canada,32076720
2860,Jan-05,Newfoundland and Labrador,516794
2861,Jan-05,Prince Edward Island,137689
2862,Jan-05,Nova Scotia,939215
2863,Jan-05,New Brunswick,749002
2864,Jan-05,Quebec,7559625
2865,Jan-05,Ontario,12446466
2866,Jan-05,Manitoba,1176051
2867,Jan-05,Saskatchewan,995900
2868,Jan-05,Alberta,3276797
2869,Jan-05,British Columbia,4174018
2870,Jan-05,Yukon,31771
2871,Jan-05,Northwest Territories,43442
2872,Jan-05,Nunavut,29950
2873,Apr-05,Canada,32141943
2874,Apr-05,Newfoundland and Labrador,515358
2875,Apr-05,Prince Edward Island,137788
2876,Apr-05,Nova Scotia,937991
2877,Apr-05,New Brunswick,748693
2878,Apr-05,Quebec,7567307
2879,Apr-05,Ontario,12477967
2880,Apr-05,Manitoba,1177285
2881,Apr-05,Saskatchewan,994892
2882,Apr-05,Alberta,3296271
2883,Apr-05,British Columbia,4182963
2884,Apr-05,Yukon,31862
2885,Apr-05,Northwest Territories,43457
2886,Apr-05,Nunavut,30109
2887,Jul-05,Canada,32243753
2888,Jul-05,Newfoundland and Labrador,514332
2889,Jul-05,Prince Edward Island,138064
2890,Jul-05,Nova Scotia,937926
2891,Jul-05,New Brunswick,748057
2892,Jul-05,Quebec,7581476
2893,Jul-05,Ontario,12528663
2894,Jul-05,Manitoba,1178264
2895,Jul-05,Saskatchewan,993500
2896,Jul-05,Alberta,3321768
2897,Jul-05,British Columbia,4196062
2898,Jul-05,Yukon,31902
2899,Jul-05,Northwest Territories,43400
2900,Jul-05,Nunavut,30339
2901,Oct-05,Canada,32353968
2902,Oct-05,Newfoundland and Labrador,513740
2903,Oct-05,Prince Edward Island,138130
2904,Oct-05,Nova Scotia,938753
2905,Oct-05,New Brunswick,747672
2906,Oct-05,Quebec,7598887
2907,Oct-05,Ontario,12578931
2908,Oct-05,Manitoba,1179086
2909,Oct-05,Saskatchewan,993288
2910,Oct-05,Alberta,3346754
2911,Oct-05,British Columbia,4212666
2912,Oct-05,Yukon,32128
2913,Oct-05,Northwest Territories,43526
2914,Oct-05,Nunavut,30407
2915,Jan-06,Canada,32395309
2916,Jan-06,Newfoundland and Labrador,512564
2917,Jan-06,Prince Edward Island,137907
2918,Jan-06,Nova Scotia,938117
2919,Jan-06,New Brunswick,746983
2920,Jan-06,Quebec,7604258
2921,Jan-06,Ontario,12587531
2922,Jan-06,Manitoba,1179920
2923,Jan-06,Saskatchewan,992237
2924,Jan-06,Alberta,3371823
2925,Jan-06,British Columbia,4217962
2926,Jan-06,Yukon,32112
2927,Jan-06,Northwest Territories,43318
2928,Jan-06,Nunavut,30577
2929,Apr-06,Canada,32470303
2930,Apr-06,Newfoundland and Labrador,510961
2931,Apr-06,Prince Edward Island,137846
2932,Apr-06,Nova Scotia,937664
2933,Apr-06,New Brunswick,746337
2934,Apr-06,Quebec,7615505
2935,Apr-06,Ontario,12618444
2936,Apr-06,Manitoba,1181635
2937,Apr-06,Saskatchewan,991228
2938,Apr-06,Alberta,3396802
2939,Apr-06,British Columbia,4227986
2940,Apr-06,Yukon,32152
2941,Apr-06,Northwest Territories,43101
2942,Apr-06,Nunavut,30642
2943,Jul-06,Canada,32571174
2944,Jul-06,Newfoundland and Labrador,510592
2945,Jul-06,Prince Edward Island,137867
2946,Jul-06,Nova Scotia,937882
2947,Jul-06,New Brunswick,745621
2948,Jul-06,Quebec,7631966
2949,Jul-06,Ontario,12661878
2950,Jul-06,Manitoba,1183562
2951,Jul-06,Saskatchewan,992314
2952,Jul-06,Alberta,3421434
2953,Jul-06,British Columbia,4241794
2954,Jul-06,Yukon,32272
2955,Jul-06,Northwest Territories,43179
2956,Jul-06,Nunavut,30813
2957,Oct-06,Canada,32680712
2958,Oct-06,Newfoundland and Labrador,510329
2959,Oct-06,Prince Edward Island,137898
2960,Oct-06,Nova Scotia,937046
2961,Oct-06,New Brunswick,744975
2962,Oct-06,Quebec,7653092
2963,Oct-06,Ontario,12700994
2964,Oct-06,Manitoba,1183981
2965,Oct-06,Saskatchewan,993361
2966,Oct-06,Alberta,3453944
2967,Oct-06,British Columbia,4258655
2968,Oct-06,Yukon,32361
2969,Oct-06,Northwest Territories,43197
2970,Oct-06,Nunavut,30879
2971,Jan-07,Canada,32717701
2972,Jan-07,Newfoundland and Labrador,510335
2973,Jan-07,Prince Edward Island,137778
2974,Jan-07,Nova Scotia,936203
2975,Jan-07,New Brunswick,744853
2976,Jan-07,Quebec,7661583
2977,Jan-07,Ontario,12702838
2978,Jan-07,Manitoba,1184503
2979,Jan-07,Saskatchewan,995174
2980,Jan-07,Alberta,3472771
2981,Jan-07,British Columbia,4265321
2982,Jan-07,Yukon,32315
2983,Jan-07,Northwest Territories,43074
2984,Jan-07,Nunavut,30953
2985,Apr-07,Canada,32786014
2986,Apr-07,Newfoundland and Labrador,509131
2987,Apr-07,Prince Edward Island,137708
2988,Apr-07,Nova Scotia,934995
2989,Apr-07,New Brunswick,744938
2990,Apr-07,Quebec,7674385
2991,Apr-07,Ontario,12726728
2992,Apr-07,Manitoba,1186430
2993,Apr-07,Saskatchewan,997550
2994,Apr-07,Alberta,3490842
2995,Apr-07,British Columbia,4276743
2996,Apr-07,Yukon,32273
2997,Apr-07,Northwest Territories,43107
2998,Apr-07,Nunavut,31184
2999,Jul-07,Canada,32889025
3000,Jul-07,Newfoundland and Labrador,509055
3001,Jul-07,Prince Edward Island,137711
3002,Jul-07,Nova Scotia,935115
3003,Jul-07,New Brunswick,745433
3004,Jul-07,Quebec,7692916
3005,Jul-07,Ontario,12764806
3006,Jul-07,Manitoba,1189451
3007,Jul-07,Saskatchewan,1002086
3008,Jul-07,Alberta,3514147
3009,Jul-07,British Columbia,4290984
3010,Jul-07,Yukon,32554
3011,Jul-07,Northwest Territories,43372
3012,Jul-07,Nunavut,31395
3013,Oct-07,Canada,33002138
3014,Oct-07,Newfoundland and Labrador,510262
3015,Oct-07,Prince Edward Island,138026
3016,Oct-07,Nova Scotia,935379
3017,Oct-07,New Brunswick,746138
3018,Oct-07,Quebec,7713173
3019,Oct-07,Ontario,12807208
3020,Oct-07,Manitoba,1191690
3021,Oct-07,Saskatchewan,1007323
3022,Oct-07,Alberta,3533413
3023,Oct-07,British Columbia,4312042
3024,Oct-07,Yukon,32662
3025,Oct-07,Northwest Territories,43262
3026,Oct-07,Nunavut,31560
3027,Jan-08,Canada,33050613
3028,Jan-08,Newfoundland and Labrador,511008
3029,Jan-08,Prince Edward Island,138000
3030,Jan-08,Nova Scotia,935475
3031,Jan-08,New Brunswick,746288
3032,Jan-08,Quebec,7725513
3033,Jan-08,Ontario,12814446
3034,Jan-08,Manitoba,1193408
3035,Jan-08,Saskatchewan,1010304
3036,Jan-08,Alberta,3548796
3037,Jan-08,British Columbia,4319652
3038,Jan-08,Yukon,32751
3039,Jan-08,Northwest Territories,43357
3040,Jan-08,Nunavut,31615
3041,Apr-08,Canada,33127520
3042,Apr-08,Newfoundland and Labrador,511253
3043,Apr-08,Prince Edward Island,138186
3044,Apr-08,Nova Scotia,935635
3045,Apr-08,New Brunswick,746533
3046,Apr-08,Quebec,7740347
3047,Apr-08,Ontario,12840272
3048,Apr-08,Manitoba,1194662
3049,Apr-08,Saskatchewan,1013478
3050,Apr-08,Alberta,3567458
3051,Apr-08,British Columbia,4331699
3052,Apr-08,Yukon,32954
3053,Apr-08,Northwest Territories,43362
3054,Apr-08,Nunavut,31681
3055,Jul-08,Canada,33247118
3056,Jul-08,Newfoundland and Labrador,511581
3057,Jul-08,Prince Edward Island,138749
3058,Jul-08,Nova Scotia,935897
3059,Jul-08,New Brunswick,746877
3060,Jul-08,Quebec,7761725
3061,Jul-08,Ontario,12883583
3062,Jul-08,Manitoba,1197775
3063,Jul-08,Saskatchewan,1017404
3064,Jul-08,Alberta,3595856
3065,Jul-08,British Columbia,4349336
3066,Jul-08,Yukon,33083
3067,Jul-08,Northwest Territories,43360
3068,Jul-08,Nunavut,31892
3069,Oct-08,Canada,33372418
3070,Oct-08,Newfoundland and Labrador,513437
3071,Oct-08,Prince Edward Island,139465
3072,Oct-08,Nova Scotia,937045
3073,Oct-08,New Brunswick,747769
3074,Oct-08,Quebec,7786475
3075,Oct-08,Ontario,12927148
3076,Oct-08,Manitoba,1199548
3077,Oct-08,Saskatchewan,1022553
3078,Oct-08,Alberta,3619292
3079,Oct-08,British Columbia,4371124
3080,Oct-08,Yukon,33306
3081,Oct-08,Northwest Territories,43293
3082,Oct-08,Nunavut,31963
3083,Jan-09,Canada,33427050
3084,Jan-09,Newfoundland and Labrador,514223
3085,Jan-09,Prince Edward Island,139136
3086,Jan-09,Nova Scotia,937382
3087,Jan-09,New Brunswick,748373
3088,Jan-09,Quebec,7799115
3089,Jan-09,Ontario,12932234
3090,Jan-09,Manitoba,1201702
3091,Jan-09,Saskatchewan,1025993
3092,Jan-09,Alberta,3638482
3093,Jan-09,British Columbia,4381829
3094,Jan-09,Yukon,33404
3095,Jan-09,Northwest Territories,43116
3096,Jan-09,Nunavut,32061
3097,Apr-09,Canada,33511275
3098,Apr-09,Newfoundland and Labrador,514719
3099,Apr-09,Prince Edward Island,139206
3100,Apr-09,Nova Scotia,937429
3101,Apr-09,New Brunswick,749161
3102,Apr-09,Quebec,7817022
3103,Apr-09,Ontario,12956332
3104,Apr-09,Manitoba,1204014
3105,Apr-09,Saskatchewan,1029901
3106,Apr-09,Alberta,3659228
3107,Apr-09,British Columbia,4395190
3108,Apr-09,Yukon,33582
3109,Apr-09,Northwest Territories,43106
3110,Apr-09,Nunavut,32385
3111,Jul-09,Canada,33628895
3112,Jul-09,Newfoundland and Labrador,516751
3113,Jul-09,Prince Edward Island,139891
3114,Jul-09,Nova Scotia,938208
3115,Jul-09,New Brunswick,749956
3116,Jul-09,Quebec,7843383
3117,Jul-09,Ontario,12998345
3118,Jul-09,Manitoba,1208556
3119,Jul-09,Saskatchewan,1034819
3120,Jul-09,Alberta,3678996
3121,Jul-09,British Columbia,4410506
3122,Jul-09,Yukon,33731
3123,Jul-09,Northwest Territories,43156
3124,Jul-09,Nunavut,32597
3125,Oct-09,Canada,33757077
3126,Oct-09,Newfoundland and Labrador,518985
3127,Oct-09,Prince Edward Island,140611
3128,Oct-09,Nova Scotia,940501
3129,Oct-09,New Brunswick,751066
3130,Oct-09,Quebec,7871361
3131,Oct-09,Ontario,13047485
3132,Oct-09,Manitoba,1211875
3133,Oct-09,Saskatchewan,1039554
3134,Oct-09,Alberta,3694303
3135,Oct-09,British Columbia,4431576
3136,Oct-09,Yukon,34025
3137,Oct-09,Northwest Territories,42924
3138,Oct-09,Nunavut,32811
3139,Jan-10,Canada,33807529
3140,Jan-10,Newfoundland and Labrador,520283
3141,Jan-10,Prince Edward Island,140612
3142,Jan-10,Nova Scotia,940823
3143,Jan-10,New Brunswick,751281
3144,Jan-10,Quebec,7885717
3145,Jan-10,Ontario,13058435
3146,Jan-10,Manitoba,1213933
3147,Jan-10,Saskatchewan,1042952
3148,Jan-10,Alberta,3702266
3149,Jan-10,British Columbia,4441329
3150,Jan-10,Yukon,34007
3151,Jan-10,Northwest Territories,42970
3152,Jan-10,Nunavut,32921
3153,Apr-10,Canada,33889236
3154,Apr-10,Newfoundland and Labrador,521204
3155,Apr-10,Prince Edward Island,140990
3156,Apr-10,Nova Scotia,940919
3157,Apr-10,New Brunswick,752021
3158,Apr-10,Quebec,7903339
3159,Apr-10,Ontario,13088106
3160,Apr-10,Manitoba,1216610
3161,Apr-10,Saskatchewan,1046799
3162,Apr-10,Alberta,3714974
3163,Apr-10,British Columbia,4453744
3164,Apr-10,Yukon,34241
3165,Apr-10,Northwest Territories,43152
3166,Apr-10,Nunavut,33137
3167,Jul-10,Canada,34004889
3168,Jul-10,Newfoundland and Labrador,522009
3169,Jul-10,Prince Edward Island,141654
3170,Jul-10,Nova Scotia,942107
3171,Jul-10,New Brunswick,753035
3172,Jul-10,Quebec,7929222
3173,Jul-10,Ontario,13135778
3174,Jul-10,Manitoba,1220780
3175,Jul-10,Saskatchewan,1051443
3176,Jul-10,Alberta,3732082
3177,Jul-10,British Columbia,4465546
3178,Jul-10,Yukon,34596
3179,Jul-10,Northwest Territories,43285
3180,Jul-10,Nunavut,33352
3181,Oct-10,Canada,34131683
3182,Oct-10,Newfoundland and Labrador,522865
3183,Oct-10,Prince Edward Island,142732
3184,Oct-10,Nova Scotia,944179
3185,Oct-10,New Brunswick,754287
3186,Oct-10,Quebec,7955007
3187,Oct-10,Ontario,13189339
3188,Oct-10,Manitoba,1224662
3189,Oct-10,Saskatchewan,1056115
3190,Oct-10,Alberta,3747226
3191,Oct-10,British Columbia,4483609
3192,Oct-10,Yukon,34789
3193,Oct-10,Northwest Territories,43303
3194,Oct-10,Nunavut,33570
3195,Jan-11,Canada,34166099
3196,Jan-11,Newfoundland and Labrador,523726
3197,Jan-11,Prince Edward Island,143020
3198,Jan-11,Nova Scotia,944068
3199,Jan-11,New Brunswick,754794
3200,Jan-11,Quebec,7967185
3201,Jan-11,Ontario,13198650
3202,Jan-11,Manitoba,1227212
3203,Jan-11,Saskatchewan,1058963
3204,Jan-11,Alberta,3754424
3205,Jan-11,British Columbia,4482260
3206,Jan-11,Yukon,34801
3207,Jan-11,Northwest Territories,43263
3208,Jan-11,Nunavut,33733
3209,Apr-11,Canada,34230378
3210,Apr-11,Newfoundland and Labrador,524239
3211,Apr-11,Prince Edward Island,143265
3212,Apr-11,Nova Scotia,943918
3213,Apr-11,New Brunswick,754841
3214,Apr-11,Quebec,7982119
3215,Apr-11,Ontario,13221999
3216,Apr-11,Manitoba,1229063
3217,Apr-11,Saskatchewan,1061484
3218,Apr-11,Alberta,3768773
3219,Apr-11,British Columbia,4488508
3220,Apr-11,Yukon,34983
3221,Apr-11,Northwest Territories,43263
3222,Apr-11,Nunavut,33923
3223,Jul-11,Canada,34339328
3224,Jul-11,Newfoundland and Labrador,524999
3225,Jul-11,Prince Edward Island,143963
3226,Jul-11,Nova Scotia,944274
3227,Jul-11,New Brunswick,755705
3228,Jul-11,Quebec,8005090
3229,Jul-11,Ontario,13261381
3230,Jul-11,Manitoba,1233649
3231,Jul-11,Saskatchewan,1066026
3232,Jul-11,Alberta,3789030
3233,Jul-11,British Columbia,4502104
3234,Jul-11,Yukon,35411
3235,Jul-11,Northwest Territories,43504
3236,Jul-11,Nunavut,34192
3237,Oct-11,Canada,34457998
3238,Oct-11,Newfoundland and Labrador,525936
3239,Oct-11,Prince Edward Island,144378
3240,Oct-11,Nova Scotia,945016
3241,Oct-11,New Brunswick,756420
3242,Oct-11,Quebec,8021860
3243,Oct-11,Ontario,13308659
3244,Oct-11,Manitoba,1238019
3245,Oct-11,Saskatchewan,1070687
3246,Oct-11,Alberta,3807726
3247,Oct-11,British Columbia,4525684
3248,Oct-11,Yukon,35668
3249,Oct-11,Northwest Territories,43593
3250,Oct-11,Nunavut,34352
3251,Jan-12,Canada,34516352
3252,Jan-12,Newfoundland and Labrador,526215
3253,Jan-12,Prince Edward Island,144310
3254,Jan-12,Nova Scotia,944307
3255,Jan-12,New Brunswick,757278
3256,Jan-12,Quebec,8029498
3257,Jan-12,Ontario,13323332
3258,Jan-12,Manitoba,1242141
3259,Jan-12,Saskatchewan,1074265
3260,Jan-12,Alberta,3825072
3261,Jan-12,British Columbia,4536084
3262,Jan-12,Yukon,35782
3263,Jan-12,Northwest Territories,43648
3264,Jan-12,Nunavut,34420
3265,Apr-12,Canada,34592779
3266,Apr-12,Newfoundland and Labrador,525655
3267,Apr-12,Prince Edward Island,144472
3268,Apr-12,Nova Scotia,943746
3269,Apr-12,New Brunswick,757270
3270,Apr-12,Quebec,8039492
3271,Apr-12,Ontario,13348263
3272,Apr-12,Manitoba,1245692
3273,Apr-12,Saskatchewan,1077892
3274,Apr-12,Alberta,3847722
3275,Apr-12,British Columbia,4548438
3276,Apr-12,Yukon,35843
3277,Apr-12,Northwest Territories,43701
3278,Apr-12,Nunavut,34593
3279,Jul-12,Canada,34714222
3280,Jul-12,Newfoundland and Labrador,526345
3281,Jul-12,Prince Edward Island,144530
3282,Jul-12,Nova Scotia,943635
3283,Jul-12,New Brunswick,758378
3284,Jul-12,Quebec,8061101
3285,Jul-12,Ontario,13390632
3286,Jul-12,Manitoba,1249975
3287,Jul-12,Saskatchewan,1083755
3288,Jul-12,Alberta,3874548
3289,Jul-12,British Columbia,4566769
3290,Jul-12,Yukon,36234
3291,Jul-12,Northwest Territories,43648
3292,Jul-12,Nunavut,34672
3293,Oct-12,Canada,34836008
3294,Oct-12,Newfoundland and Labrador,527180
3295,Oct-12,Prince Edward Island,144520
3296,Oct-12,Nova Scotia,943341
3297,Oct-12,New Brunswick,758673
3298,Oct-12,Quebec,8078388
3299,Oct-12,Ontario,13434943
3300,Oct-12,Manitoba,1254178
3301,Oct-12,Saskatchewan,1088959
3302,Oct-12,Alberta,3900333
3303,Oct-12,British Columbia,4590545
3304,Oct-12,Yukon,36425
3305,Oct-12,Northwest Territories,43681
3306,Oct-12,Nunavut,34842
3307,Jan-13,Canada,34883119
3308,Jan-13,Newfoundland and Labrador,527248
3309,Jan-13,Prince Edward Island,144175
3310,Jan-13,Nova Scotia,942598
3311,Jan-13,New Brunswick,758298
3312,Jan-13,Quebec,8082771
3313,Jan-13,Ontario,13444704
3314,Jan-13,Manitoba,1257940
3315,Jan-13,Saskatchewan,1091547
3316,Jan-13,Alberta,3920499
3317,Jan-13,British Columbia,4598255
3318,Jan-13,Yukon,36373
3319,Jan-13,Northwest Territories,43737
3320,Jan-13,Nunavut,34974
3321,Apr-13,Canada,34958216
3322,Apr-13,Newfoundland and Labrador,527313
3323,Apr-13,Prince Edward Island,143948
3324,Apr-13,Nova Scotia,941230
3325,Apr-13,New Brunswick,758132
3326,Apr-13,Quebec,8090916
3327,Apr-13,Ontario,13467829
3328,Apr-13,Manitoba,1260834
3329,Apr-13,Saskatchewan,1094390
3330,Apr-13,Alberta,3946798
3331,Apr-13,British Columbia,4611648
3332,Apr-13,Yukon,36313
3333,Apr-13,Northwest Territories,43867
3334,Apr-13,Nunavut,34998
3335,Jul-13,Canada,35082954
3336,Jul-13,Newfoundland and Labrador,527114
3337,Jul-13,Prince Edward Island,144094
3338,Jul-13,Nova Scotia,940434
3339,Jul-13,New Brunswick,758544
3340,Jul-13,Quebec,8110880
3341,Jul-13,Ontario,13510781
3342,Jul-13,Manitoba,1264620
3343,Jul-13,Saskatchewan,1099736
3344,Jul-13,Alberta,3981011
3345,Jul-13,British Columbia,4630077
3346,Jul-13,Yukon,36521
3347,Jul-13,Northwest Territories,43805
3348,Jul-13,Nunavut,35337
3349,Oct-13,Canada,35211866
3350,Oct-13,Newfoundland and Labrador,528117
3351,Oct-13,Prince Edward Island,144103
3352,Oct-13,Nova Scotia,940105
3353,Oct-13,New Brunswick,758670
3354,Oct-13,Quebec,8124660
3355,Oct-13,Ontario,13558528
3356,Oct-13,Manitoba,1268428
3357,Oct-13,Saskatchewan,1103730
3358,Oct-13,Alberta,4010903
3359,Oct-13,British Columbia,4658875
3360,Oct-13,Yukon,36448
3361,Oct-13,Northwest Territories,43756
3362,Oct-13,Nunavut,35543
3363,Jan-14,Canada,35249639
3364,Jan-14,Newfoundland and Labrador,528242
3365,Jan-14,Prince Edward Island,143996
3366,Jan-14,Nova Scotia,939867
3367,Jan-14,New Brunswick,759018
3368,Jan-14,Quebec,8125478
3369,Jan-14,Ontario,13562583
3370,Jan-14,Manitoba,1271562
3371,Jan-14,Saskatchewan,1106374
3372,Jan-14,Alberta,4029951
3373,Jan-14,British Columbia,4666788
3374,Jan-14,Yukon,36393
3375,Jan-14,Northwest Territories,43800
3376,Jan-14,Nunavut,35587
3377,Apr-14,Canada,35323533
3378,Apr-14,Newfoundland and Labrador,527498
3379,Apr-14,Prince Edward Island,143984
3380,Apr-14,Nova Scotia,938913
3381,Apr-14,New Brunswick,758876
3382,Apr-14,Quebec,8132425
3383,Apr-14,Ontario,13582747
3384,Apr-14,Manitoba,1274407
3385,Apr-14,Saskatchewan,1109631
3386,Apr-14,Alberta,4054280
3387,Apr-14,British Columbia,4684490
3388,Apr-14,Yukon,36682
3389,Apr-14,Northwest Territories,43794
3390,Apr-14,Nunavut,35806
3391,Jul-14,Canada,35437435
3392,Jul-14,Newfoundland and Labrador,528159
3393,Jul-14,Prince Edward Island,144283
3394,Jul-14,Nova Scotia,938545
3395,Jul-14,New Brunswick,758976
3396,Jul-14,Quebec,8150183
3397,Jul-14,Ontario,13617553
3398,Jul-14,Manitoba,1279014
3399,Jul-14,Saskatchewan,1112979
3400,Jul-14,Alberta,4083648
3401,Jul-14,British Columbia,4707103
3402,Jul-14,Yukon,37137
3403,Jul-14,Northwest Territories,43884
3404,Jul-14,Nunavut,35971
3405,Oct-14,Canada,35559047
3406,Oct-14,Newfoundland and Labrador,528461
3407,Oct-14,Prince Edward Island,144538
3408,Oct-14,Nova Scotia,938972
3409,Oct-14,New Brunswick,759524
3410,Oct-14,Quebec,8165447
3411,Oct-14,Ontario,13661314
3412,Oct-14,Manitoba,1283366
3413,Oct-14,Saskatchewan,1116203
3414,Oct-14,Alberta,4106056
3415,Oct-14,British Columbia,4737725
3416,Oct-14,Yukon,37272
3417,Oct-14,Northwest Territories,44064
3418,Oct-14,Nunavut,36105
3419,Jan-15,Canada,35575187
3420,Jan-15,Newfoundland and Labrador,528361
3421,Jan-15,Prince Edward Island,144368
3422,Jan-15,Nova Scotia,938296
3423,Jan-15,New Brunswick,759617
3424,Jan-15,Quebec,8163132
3425,Jan-15,Ontario,13657737
3426,Jan-15,Manitoba,1286453
3427,Jan-15,Saskatchewan,1118181
3428,Jan-15,Alberta,4116047
3429,Jan-15,British Columbia,4745468
3430,Jan-15,Yukon,37168
3431,Jan-15,Northwest Territories,44140
3432,Jan-15,Nunavut,36219
3433,Apr-15,Canada,35611271
3434,Apr-15,Newfoundland and Labrador,528063
3435,Apr-15,Prince Edward Island,144259
3436,Apr-15,Nova Scotia,936271
3437,Apr-15,New Brunswick,758948
3438,Apr-15,Quebec,8163063
3439,Apr-15,Ontario,13669860
3440,Apr-15,Manitoba,1288094
3441,Apr-15,Saskatchewan,1118806
3442,Apr-15,Alberta,4128300
3443,Apr-15,British Columbia,4757759
3444,Apr-15,Yukon,37372
3445,Apr-15,Northwest Territories,44193
3446,Apr-15,Nunavut,36283
3447,Jul-15,Canada,35702908
3448,Jul-15,Newfoundland and Labrador,528117
3449,Jul-15,Prince Edward Island,144546
3450,Jul-15,Nova Scotia,936525
3451,Jul-15,New Brunswick,758842
3452,Jul-15,Quebec,8175272
3453,Jul-15,Ontario,13707118
3454,Jul-15,Manitoba,1292227
3455,Jul-15,Saskatchewan,1120967
3456,Jul-15,Alberta,4144491
3457,Jul-15,British Columbia,4776388
3458,Jul-15,Yukon,37690
3459,Jul-15,Northwest Territories,44237
3460,Jul-15,Nunavut,36488
3461,Oct-15,Canada,35822894
3462,Oct-15,Newfoundland and Labrador,528696
3463,Oct-15,Prince Edward Island,144894
3464,Oct-15,Nova Scotia,938320
3465,Oct-15,New Brunswick,759778
3466,Oct-15,Quebec,8190014
3467,Oct-15,Ontario,13757688
3468,Oct-15,Manitoba,1297329
3469,Oct-15,Saskatchewan,1124919
3470,Oct-15,Alberta,4159519
3471,Oct-15,British Columbia,4802955
3472,Oct-15,Yukon,37751
3473,Oct-15,Northwest Territories,44428
3474,Oct-15,Nunavut,36603
3475,Jan-16,Canada,35871136
3476,Jan-16,Newfoundland and Labrador,528800
3477,Jan-16,Prince Edward Island,145202
3478,Jan-16,Nova Scotia,938690
3479,Jan-16,New Brunswick,760580
3480,Jan-16,Quebec,8193624
3481,Jan-16,Ontario,13773629
3482,Jan-16,Manitoba,1302544
3483,Jan-16,Saskatchewan,1127773
3484,Jan-16,Alberta,4169830
3485,Jan-16,British Columbia,4811465
3486,Jan-16,Yukon,37770
3487,Jan-16,Northwest Territories,44507
3488,Jan-16,Nunavut,36722
3489,Apr-16,Canada,35970303
3490,Apr-16,Newfoundland and Labrador,529063
3491,Apr-16,Prince Edward Island,145784
3492,Apr-16,Nova Scotia,940382
3493,Apr-16,New Brunswick,762289
3494,Apr-16,Quebec,8204085
3495,Apr-16,Ontario,13816545
3496,Apr-16,Manitoba,1307689
3497,Apr-16,Saskatchewan,1131147
3498,Apr-16,Alberta,4181765
3499,Apr-16,British Columbia,4832155
3500,Apr-16,Yukon,38042
3501,Apr-16,Northwest Territories,44590
3502,Apr-16,Nunavut,36767
3503,Jul-16,Canada,36109487
3504,Jul-16,Newfoundland and Labrador,529426
3505,Jul-16,Prince Edward Island,146969
3506,Jul-16,Nova Scotia,942790
3507,Jul-16,New Brunswick,763350
3508,Jul-16,Quebec,8225950
3509,Jul-16,Ontario,13875394
3510,Jul-16,Manitoba,1314139
3511,Jul-16,Saskatchewan,1135987
3512,Jul-16,Alberta,4196061
3513,Jul-16,British Columbia,4859250
3514,Jul-16,Yukon,38547
3515,Jul-16,Northwest Territories,44649
3516,Jul-16,Nunavut,36975
3517,Oct-16,Canada,36258726
3518,Oct-16,Newfoundland and Labrador,529900
3519,Oct-16,Prince Edward Island,147936
3520,Oct-16,Nova Scotia,946030
3521,Oct-16,New Brunswick,764844
3522,Oct-16,Quebec,8249692
3523,Oct-16,Ontario,13946431
3524,Oct-16,Manitoba,1319911
3525,Oct-16,Saskatchewan,1140690
3526,Oct-16,Alberta,4208958
3527,Oct-16,British Columbia,4884002
3528,Oct-16,Yukon,38750
3529,Oct-16,Northwest Territories,44542
3530,Oct-16,Nunavut,37040
3531,Jan-17,Canada,36314099
3532,Jan-17,Newfoundland and Labrador,529347
3533,Jan-17,Prince Edward Island,148181
3534,Jan-17,Nova Scotia,945943
3535,Jan-17,New Brunswick,764617
3536,Jan-17,Quebec,8257450
3537,Jan-17,Ontario,13971785
3538,Jan-17,Manitoba,1324129
3539,Jan-17,Saskatchewan,1143313
3540,Jan-17,Alberta,4217855
3541,Jan-17,British Columbia,4890848
3542,Jan-17,Yukon,38848
3543,Jan-17,Northwest Territories,44607
3544,Jan-17,Nunavut,37176
3545,Apr-17,Canada,36398013
3546,Apr-17,Newfoundland and Labrador,528544
3547,Apr-17,Prince Edward Island,148860
3548,Apr-17,Nova Scotia,947384
3549,Apr-17,New Brunswick,764813
3550,Apr-17,Quebec,8272894
3551,Apr-17,Ontario,14006386
3552,Apr-17,Manitoba,1328412
3553,Apr-17,Saskatchewan,1146218
3554,Apr-17,Alberta,4227969
3555,Apr-17,British Columbia,4905210
3556,Apr-17,Yukon,39175
3557,Apr-17,Northwest Territories,44813
3558,Apr-17,Nunavut,37335
3559,Jul-17,Canada,36545236
3560,Jul-17,Newfoundland and Labrador,528249
3561,Jul-17,Prince Edward Island,150402
3562,Jul-17,Nova Scotia,950108
3563,Jul-17,New Brunswick,766621
3564,Jul-17,Quebec,8302063
3565,Jul-17,Ontario,14070141
3566,Jul-17,Manitoba,1334790
3567,Jul-17,Saskatchewan,1150331
3568,Jul-17,Alberta,4241100
3569,Jul-17,British Columbia,4929384
3570,Jul-17,Yukon,39610
3571,Jul-17,Northwest Territories,44891
3572,Jul-17,Nunavut,37546
3573,Oct-17,Canada,36721223
3574,Oct-17,Newfoundland and Labrador,528288
3575,Oct-17,Prince Edward Island,151376
3576,Oct-17,Nova Scotia,953683
3577,Oct-17,New Brunswick,767935
3578,Oct-17,Quebec,8336460
3579,Oct-17,Ontario,14150783
3580,Oct-17,Manitoba,1340565
3581,Oct-17,Saskatchewan,1154755
3582,Oct-17,Alberta,4258195
3583,Oct-17,British Columbia,4956550
3584,Oct-17,Yukon,39804
3585,Oct-17,Northwest Territories,45126
3586,Oct-17,Nunavut,37703
3587,Jan-18,Canada,36798408
3588,Jan-18,Newfoundland and Labrador,527544
3589,Jan-18,Prince Edward Island,151516
3590,Jan-18,Nova Scotia,953838
3591,Jan-18,New Brunswick,768005
3592,Jan-18,Quebec,8350601
3593,Jan-18,Ontario,14186830
3594,Jan-18,Manitoba,1344418
3595,Jan-18,Saskatchewan,1156659
3596,Jan-18,Alberta,4268853
3597,Jan-18,British Columbia,4967421
3598,Jan-18,Yukon,39972
3599,Jan-18,Northwest Territories,45066
3600,Jan-18,Nunavut,37685
3601,Apr-18,Canada,36898431
3602,Apr-18,Newfoundland and Labrador,526395
3603,Apr-18,Prince Edward Island,152039
3604,Apr-18,Nova Scotia,954618
3605,Apr-18,New Brunswick,768522
3606,Apr-18,Quebec,8367551
3607,Apr-18,Ontario,14235643
3608,Apr-18,Manitoba,1347055
3609,Apr-18,Saskatchewan,1158451
3610,Apr-18,Alberta,4281706
3611,Apr-18,British Columbia,4983183
3612,Apr-18,Yukon,40141
3613,Apr-18,Northwest Territories,45320
3614,Apr-18,Nunavut,37807
3615,Jul-18,Canada,37065084
3616,Jul-18,Newfoundland and Labrador,525560
3617,Jul-18,Prince Edward Island,153396
3618,Jul-18,Nova Scotia,958406
3619,Jul-18,New Brunswick,770301
3620,Jul-18,Quebec,8401738
3621,Jul-18,Ontario,14308697
3622,Jul-18,Manitoba,1352825
3623,Jul-18,Saskatchewan,1161767
3624,Jul-18,Alberta,4298275
3625,Jul-18,British Columbia,5010476
3626,Jul-18,Yukon,40519
3627,Jul-18,Northwest Territories,44981
3628,Jul-18,Nunavut,38143
3629,Oct-18,Canada,37250385
3630,Oct-18,Newfoundland and Labrador,525729
3631,Oct-18,Prince Edward Island,155152
3632,Oct-18,Nova Scotia,963447
3633,Oct-18,New Brunswick,772597
3634,Oct-18,Quebec,8434705
3635,Oct-18,Ontario,14392903
3636,Oct-18,Manitoba,1357968
3637,Oct-18,Saskatchewan,1165929
3638,Oct-18,Alberta,4317665
3639,Oct-18,British Columbia,5040353
3640,Oct-18,Yukon,40679
3641,Oct-18,Northwest Territories,44970
3642,Oct-18,Nunavut,38288
3643,Jan-19,Canada,37325235
3644,Jan-19,Newfoundland and Labrador,524803
3645,Jan-19,Prince Edward Island,155254
3646,Jan-19,Nova Scotia,964073
3647,Jan-19,New Brunswick,772828
3648,Jan-19,Quebec,8447803
3649,Jan-19,Ontario,14426822
3650,Jan-19,Manitoba,1361820
3651,Jan-19,Saskatchewan,1168447
3652,Jan-19,Alberta,4330833
3653,Jan-19,British Columbia,5048144
3654,Jan-19,Yukon,40854
3655,Jan-19,Northwest Territories,45202
3656,Jan-19,Nunavut,38352
3657,Apr-19,Canada,37422946
3658,Apr-19,Newfoundland and Labrador,524131
3659,Apr-19,Prince Edward Island,155916
3660,Apr-19,Nova Scotia,965553
3661,Apr-19,New Brunswick,774035
3662,Apr-19,Quebec,8466531
3663,Apr-19,Ontario,14467552
3664,Apr-19,Manitoba,1364667
3665,Apr-19,Saskatchewan,1169397
3666,Apr-19,Alberta,4344454
3667,Apr-19,British Columbia,5066120
3668,Apr-19,Yukon,40932
3669,Apr-19,Northwest Territories,45137
3670,Apr-19,Nunavut,38521
3671,Jul-19,Canada,37601230
3672,Jul-19,Newfoundland and Labrador,523427
3673,Jul-19,Prince Edward Island,157419
3674,Jul-19,Nova Scotia,970243
3675,Jul-19,New Brunswick,777128
3676,Jul-19,Quebec,8503483
3677,Jul-19,Ontario,14544701
3678,Jul-19,Manitoba,1369954
3679,Jul-19,Saskatchewan,1172479
3680,Jul-19,Alberta,4362576
3681,Jul-19,British Columbia,5094796
3682,Jul-19,Yukon,41362
3683,Jul-19,Northwest Territories,45070
3684,Jul-19,Nunavut,38592
3685,Oct-19,Canada,37811399
3686,Oct-19,Newfoundland and Labrador,523847
3687,Oct-19,Prince Edward Island,158778
3688,Oct-19,Nova Scotia,976495
3689,Oct-19,New Brunswick,780631
3690,Oct-19,Quebec,8542198
3691,Oct-19,Ontario,14638247
3692,Oct-19,Manitoba,1374081
3693,Oct-19,Saskatchewan,1176427
3694,Oct-19,Alberta,4384982
3695,Oct-19,British Columbia,5130251
3696,Oct-19,Yukon,41648
3697,Oct-19,Northwest Territories,45189
3698,Oct-19,Nunavut,38625
3699,Jan-20,Canada,37908599
3700,Jan-20,Newfoundland and Labrador,523287
3701,Jan-20,Prince Edward Island,159387
3702,Jan-20,Nova Scotia,977519
3703,Jan-20,New Brunswick,780707
3704,Jan-20,Quebec,8558033
3705,Jan-20,Ontario,14688726
3706,Jan-20,Manitoba,1377578
3707,Jan-20,Saskatchewan,1179355
3708,Jan-20,Alberta,4401180
3709,Jan-20,British Columbia,5137137
3710,Jan-20,Yukon,41700
3711,Jan-20,Northwest Territories,45269
3712,Jan-20,Nunavut,38721
3713,Apr-20,Canada,38000056
3714,Apr-20,Newfoundland and Labrador,522465
3715,Apr-20,Prince Edward Island,160417
3716,Apr-20,Nova Scotia,979175
3717,Apr-20,New Brunswick,782199
3718,Apr-20,Quebec,8574270
3719,Apr-20,Ontario,14729324
3720,Apr-20,Manitoba,1379735
3721,Apr-20,Saskatchewan,1179939
3722,Apr-20,Alberta,4415700
3723,Apr-20,British Columbia,5150616
3724,Apr-20,Yukon,42017
3725,Apr-20,Northwest Territories,45363
3726,Apr-20,Nunavut,38836
3727,Jul-20,Canada,38037204
3728,Jul-20,Newfoundland and Labrador,521364
3729,Jul-20,Prince Edward Island,161329
3730,Jul-20,Nova Scotia,981889
3731,Jul-20,New Brunswick,783204
3732,Jul-20,Quebec,8578300
3733,Jul-20,Ontario,14745712
3734,Jul-20,Manitoba,1380648
3735,Jul-20,Saskatchewan,1179300
3736,Jul-20,Alberta,4420029
3737,Jul-20,British Columbia,5158728
3738,Jul-20,Yukon,42174
3739,Jul-20,Northwest Territories,45372
3740,Jul-20,Nunavut,39155
3741,Oct-20,Canada,38033014
3742,Oct-20,Newfoundland and Labrador,520194
3743,Oct-20,Prince Edward Island,161402
3744,Oct-20,Nova Scotia,981552
3745,Oct-20,New Brunswick,783257
3746,Oct-20,Quebec,8579476
3747,Oct-20,Ontario,14740704
3748,Oct-20,Manitoba,1380447
3749,Oct-20,Saskatchewan,1178164
3750,Oct-20,Alberta,4424557
3751,Oct-20,British Columbia,5156587
3752,Oct-20,Yukon,42300
3753,Oct-20,Northwest Territories,45265
3754,Oct-20,Nunavut,39109
3755,Jan-21,Canada,38068872
3756,Jan-21,Newfoundland and Labrador,519664
3757,Jan-21,Prince Edward Island,161514
3758,Jan-21,Nova Scotia,982012
3759,Jan-21,New Brunswick,784156
3760,Jan-21,Quebec,8579370
3761,Jan-21,Ontario,14759431
3762,Jan-21,Manitoba,1381459
3763,Jan-21,Saskatchewan,1178971
3764,Jan-21,Alberta,4431454
3765,Jan-21,British Columbia,5163919
3766,Jan-21,Yukon,42344
3767,Jan-21,Northwest Territories,45323
3768,Jan-21,Nunavut,39255
3769,Apr-21,Canada,38153211
3770,Apr-21,Newfoundland and Labrador,519693
3771,Apr-21,Prince Edward Island,162596
3772,Apr-21,Nova Scotia,985776
3773,Apr-21,New Brunswick,785819
3774,Apr-21,Quebec,8587179
3775,Apr-21,Ontario,14795883
3776,Apr-21,Manitoba,1383638
3777,Apr-21,Saskatchewan,1180314
3778,Apr-21,Alberta,4438772
3779,Apr-21,British Columbia,5185990
3780,Apr-21,Yukon,42586
3781,Apr-21,Northwest Territories,45629
3782,Apr-21,Nunavut,39336
3783,Jul-21,Canada,38246108
3784,Jul-21,Newfoundland and Labrador,520553
3785,Jul-21,Prince Edward Island,164318
3786,Jul-21,Nova Scotia,992055
3787,Jul-21,New Brunswick,789225
3788,Jul-21,Quebec,8604495
3789,Jul-21,Ontario,14826276
3790,Jul-21,Manitoba,1383765
3791,Jul-21,Saskatchewan,1179844
3792,Jul-21,Alberta,4442879
3793,Jul-21,British Columbia,5214805
3794,Jul-21,Yukon,42986
3795,Jul-21,Northwest Territories,45504
3796,Jul-21,Nunavut,39403
3797,Oct-21,Canada,38436447
3798,Oct-21,Newfoundland and Labrador,521758
3799,Oct-21,Prince Edward Island,165936
3800,Oct-21,Nova Scotia,998832
3801,Oct-21,New Brunswick,794300
3802,Oct-21,Quebec,8631147
3803,Oct-21,Ontario,14915270
3804,Oct-21,Manitoba,1386333
3805,Oct-21,Saskatchewan,1180867
3806,Oct-21,Alberta,4464170
3807,Oct-21,British Columbia,5249635
3808,Oct-21,Yukon,43095
3809,Oct-21,Northwest Territories,45515
3810,Oct-21,Nunavut,39589
3811,Jan-22,Canada,38526760
3812,Jan-22,Newfoundland and Labrador,522453
3813,Jan-22,Prince Edward Island,166331
3814,Jan-22,Nova Scotia,1002586
3815,Jan-22,New Brunswick,797102
3816,Jan-22,Quebec,8639642
3817,Jan-22,Ontario,14951825
3818,Jan-22,Manitoba,1390249
3819,Jan-22,Saskatchewan,1183269
3820,Jan-22,Alberta,4480486
3821,Jan-22,British Columbia,5264485
3822,Jan-22,Yukon,42982
3823,Jan-22,Northwest Territories,45640
3824,Jan-22,Nunavut,39710
3825,Apr-22,Canada,38654738
3826,Apr-22,Newfoundland and Labrador,522875
3827,Apr-22,Prince Edward Island,167680
3828,Apr-22,Nova Scotia,1007049
3829,Apr-22,New Brunswick,800243
3830,Apr-22,Quebec,8653184
3831,Apr-22,Ontario,15007816
3832,Apr-22,Manitoba,1393179
3833,Apr-22,Saskatchewan,1186308
3834,Apr-22,Alberta,4500917
3835,Apr-22,British Columbia,5286528
3836,Apr-22,Yukon,43249
3837,Apr-22,Northwest Territories,45607
3838,Apr-22,Nunavut,40103
